,corr,pval,len,sample,impute
812,0.6369923226912659,0.0,4575,SIDM00335,mofa_imputed
893,0.612547112545685,0.0,4560,SIDM00611,move_diabetes_imputed
892,0.619924176884341,0.0,4560,SIDM00611,mofa_imputed
891,0.6147282816834382,0.0,4560,SIDM00611,vae_imputed
890,0.6709318732392506,0.0,2952,SIDM00611,original
888,0.5936070807927395,0.0,4564,SIDM00658,move_diabetes_imputed
428,0.601048616826406,0.0,4504,SIDM00568,move_diabetes_imputed
303,0.6465143895374892,0.0,4576,SIDM00277,move_diabetes_imputed
822,0.5842761758281578,0.0,4568,SIDM00548,mofa_imputed
821,0.5690149823314206,0.0,4568,SIDM00548,vae_imputed
813,0.7014709772790795,0.0,4575,SIDM00335,move_diabetes_imputed
435,0.6792790233867299,0.0,3212,SIDM00513,original
811,0.6150036933162187,0.0,4575,SIDM00335,vae_imputed
810,0.6583311319116112,0.0,3314,SIDM00335,original
846,0.5793082073947544,0.0,4576,SIDM00828,vae_imputed
468,0.5600158822654063,0.0,4504,SIDM00487,move_diabetes_imputed
1072,0.5269995771985321,0.0,4576,SIDM00139,mofa_imputed
1068,0.5945889708746884,0.0,4507,SIDM01062,move_diabetes_imputed
1067,0.5675534393362307,0.0,4507,SIDM01062,mofa_imputed
296,0.6735177053035095,0.0,4559,SIDM00698,vae_imputed
843,0.6067480084505161,0.0,4515,SIDM00693,move_diabetes_imputed
1123,0.5345086523515428,0.0,4514,SIDM01199,move_diabetes_imputed
333,0.5534831807460119,0.0,4570,SIDM00702,move_diabetes_imputed
998,0.5738737406315386,0.0,4591,SIDM00749,move_diabetes_imputed
997,0.5623322313232125,0.0,4591,SIDM00749,mofa_imputed
387,0.5345960489298006,0.0,4591,SIDM01096,mofa_imputed
386,0.5302794922221574,0.0,4591,SIDM01096,vae_imputed
1023,0.5861655368351644,0.0,4580,SIDM00799,move_diabetes_imputed
433,0.5921868466444022,0.0,4582,SIDM00677,move_diabetes_imputed
432,0.5316069212237104,0.0,4582,SIDM00677,mofa_imputed
431,0.5332054340663592,0.0,4582,SIDM00677,vae_imputed
1058,0.5340758958165027,0.0,4576,SIDM00486,move_diabetes_imputed
842,0.5781819064221658,0.0,4515,SIDM00693,mofa_imputed
1113,0.593404254591462,0.0,4575,SIDM00713,move_diabetes_imputed
1112,0.5536342742568297,0.0,4575,SIDM00713,mofa_imputed
427,0.5474490722509071,0.0,4504,SIDM00568,mofa_imputed
426,0.5446183206138875,0.0,4504,SIDM00568,vae_imputed
898,0.5863136597594487,0.0,4582,SIDM01030,move_diabetes_imputed
897,0.5540237269356549,0.0,4582,SIDM01030,mofa_imputed
896,0.5507273379855036,0.0,4582,SIDM01030,vae_imputed
437,0.5962861099087389,0.0,4585,SIDM00513,mofa_imputed
436,0.5789435931003165,0.0,4585,SIDM00513,vae_imputed
1188,0.5261203835102481,0.0,4584,SIDM00136,move_diabetes_imputed
212,0.6006892681561626,0.0,4576,SIDM00401,mofa_imputed
211,0.6034865414211772,0.0,4576,SIDM00401,vae_imputed
210,0.6282655596728028,0.0,3476,SIDM00401,original
208,0.5768020492639289,0.0,4559,SIDM00560,move_diabetes_imputed
207,0.5384143428594708,0.0,4559,SIDM00560,mofa_imputed
1192,0.5895038265287309,0.0,4504,SIDM01016,mofa_imputed
223,0.558142712277559,0.0,4557,SIDM00586,move_diabetes_imputed
1098,0.6115552057636237,0.0,4583,SIDM00865,move_diabetes_imputed
1097,0.5466598618500075,0.0,4583,SIDM00865,mofa_imputed
1191,0.5844186883340388,0.0,4504,SIDM01016,vae_imputed
289,0.5632034442727182,0.0,4554,SIDM00772,mean
1183,0.7387172823876524,0.0,4515,SIDM00407,move_diabetes_imputed
1182,0.6781185195027544,0.0,4515,SIDM00407,mofa_imputed
213,0.6422185784714536,0.0,4576,SIDM00401,move_diabetes_imputed
263,0.6734116189455643,0.0,4504,SIDM00607,move_diabetes_imputed
262,0.6276885551049409,0.0,4504,SIDM00607,mofa_imputed
261,0.6145316302836452,0.0,4504,SIDM00607,vae_imputed
260,0.7020830311664444,0.0,3090,SIDM00607,original
1103,0.5765811182918688,0.0,4560,SIDM01184,move_diabetes_imputed
1101,0.5397833656785457,0.0,4560,SIDM01184,vae_imputed
273,0.6376050703759865,0.0,4514,SIDM01139,move_diabetes_imputed
841,0.5798429309972544,0.0,4515,SIDM00693,vae_imputed
453,0.5365455138692887,0.0,4583,SIDM00321,move_diabetes_imputed
448,0.6242398491418093,0.0,4559,SIDM00589,move_diabetes_imputed
447,0.6175826484223559,0.0,4559,SIDM00589,mofa_imputed
848,0.6082532456337681,0.0,4576,SIDM00828,move_diabetes_imputed
847,0.5774140951173288,0.0,4576,SIDM00828,mofa_imputed
288,0.6573419856284192,0.0,4554,SIDM00772,move_diabetes_imputed
287,0.6123642927328511,0.0,4554,SIDM00772,mofa_imputed
286,0.6162635272004102,0.0,4554,SIDM00772,vae_imputed
285,0.6666076561317998,0.0,3243,SIDM00772,original
341,0.5318391328133611,0.0,4546,SIDM01056,vae_imputed
794,0.5463690453716827,0.0,4591,SIDM00651,mean
793,0.7024304717395942,0.0,4591,SIDM00651,move_diabetes_imputed
792,0.6311248014101731,0.0,4591,SIDM00651,mofa_imputed
1111,0.5447876357691763,0.0,4575,SIDM00713,vae_imputed
272,0.5961465647475224,0.0,4514,SIDM01139,mofa_imputed
271,0.6013830676192216,0.0,4514,SIDM01139,vae_imputed
1128,0.5737664640620428,0.0,4560,SIDM00318,move_diabetes_imputed
1127,0.5326519652447957,0.0,4560,SIDM00318,mofa_imputed
1126,0.5432432729320852,0.0,4560,SIDM00318,vae_imputed
1438,0.6348304159513453,0.0,4586,SIDM00461,move_diabetes_imputed
41,0.5723940057723911,0.0,4584,SIDM01090,vae_imputed
1450,0.5762639034646588,0.0,3810,SIDM00107,original
1408,0.6024453319498133,0.0,4514,SIDM01148,move_diabetes_imputed
1403,0.5542990531936567,0.0,4591,SIDM01031,move_diabetes_imputed
1451,0.5569076964610516,0.0,4554,SIDM00107,vae_imputed
1452,0.556483003664678,0.0,4554,SIDM00107,mofa_imputed
1453,0.6294740675950674,0.0,4554,SIDM00107,move_diabetes_imputed
3,0.5856714532040892,0.0,4564,SIDM00762,move_diabetes_imputed
2,0.5814958798421044,0.0,4564,SIDM00762,mofa_imputed
1,0.5450368593079752,0.0,4564,SIDM00762,vae_imputed
42,0.5756291154416133,0.0,4584,SIDM01090,mofa_imputed
592,0.6062201192029055,0.0,4560,SIDM00898,mofa_imputed
591,0.5983295654499623,0.0,4560,SIDM00898,vae_imputed
590,0.7103722390913589,0.0,3157,SIDM00898,original
588,0.5299407119909044,0.0,4557,SIDM00527,move_diabetes_imputed
1228,0.5405553667252458,0.0,4560,SIDM01082,move_diabetes_imputed
1263,0.5673932235734425,0.0,4586,SIDM00779,move_diabetes_imputed
1446,0.5700588707455175,0.0,4583,SIDM01059,vae_imputed
393,0.5792813604767223,0.0,4580,SIDM01172,move_diabetes_imputed
928,0.5855429549620248,0.0,4568,SIDM01124,move_diabetes_imputed
1333,0.5906572002989192,0.0,4559,SIDM00837,move_diabetes_imputed
1440,0.620385117967108,0.0,3057,SIDM00327,original
1328,0.5596285289159086,0.0,4557,SIDM00841,move_diabetes_imputed
1323,0.5736928043996329,0.0,4589,SIDM00522,move_diabetes_imputed
1322,0.5476537593318769,0.0,4589,SIDM00522,mofa_imputed
1321,0.5562141654318615,0.0,4589,SIDM00522,vae_imputed
1383,0.5734459734478184,0.0,4515,SIDM01137,move_diabetes_imputed
1382,0.5851003144413485,0.0,4515,SIDM01137,mofa_imputed
1337,0.6239603072980706,0.0,4571,SIDM00875,mofa_imputed
1336,0.6250675241528958,0.0,4571,SIDM00875,vae_imputed
1335,0.7019721974954224,0.0,2899,SIDM00875,original
408,0.541267274005562,0.0,4591,SIDM00855,move_diabetes_imputed
146,0.5375172754514592,0.0,4589,SIDM00676,vae_imputed
948,0.6489832475187768,0.0,4584,SIDM00920,move_diabetes_imputed
593,0.698489276022174,0.0,4560,SIDM00898,move_diabetes_imputed
1436,0.531107338047313,0.0,4586,SIDM00461,vae_imputed
40,0.6053836939491636,0.0,3319,SIDM01090,original
1448,0.6332866862357531,0.0,4583,SIDM01059,move_diabetes_imputed
33,0.5615623051940044,0.0,4554,SIDM01077,move_diabetes_imputed
1442,0.5693921389288681,0.0,4507,SIDM00327,mofa_imputed
43,0.6258732778134964,0.0,4584,SIDM01090,move_diabetes_imputed
308,0.6011107464547557,0.0,4594,SIDM00572,move_diabetes_imputed
945,0.6036004435022447,0.0,3482,SIDM00920,original
943,0.5375633061869493,0.0,4568,SIDM00675,move_diabetes_imputed
361,0.6181393248755764,0.0,4568,SIDM00447,vae_imputed
968,0.6084669590322443,0.0,4574,SIDM00672,move_diabetes_imputed
965,0.596908084022606,0.0,3473,SIDM00672,original
299,0.5915000133960351,0.0,4559,SIDM00698,mean
298,0.7470779896306109,0.0,4559,SIDM00698,move_diabetes_imputed
297,0.6855137168869684,0.0,4559,SIDM00698,mofa_imputed
1096,0.5380720202608665,0.0,4583,SIDM00865,vae_imputed
1033,0.5346636949552578,0.0,4572,SIDM00149,move_diabetes_imputed
946,0.5637841161992818,0.0,4584,SIDM00920,vae_imputed
938,0.5512124046539594,0.0,4585,SIDM00673,move_diabetes_imputed
360,0.6698752295043181,0.0,3057,SIDM00447,original
343,0.6061721124962098,0.0,4546,SIDM01056,move_diabetes_imputed
1078,0.5452995636913476,0.0,4514,SIDM01055,move_diabetes_imputed
1073,0.5291109924551909,0.0,4576,SIDM00139,move_diabetes_imputed
302,0.5389291866488117,0.0,4576,SIDM00277,mofa_imputed
301,0.5401539596194509,0.0,4576,SIDM00277,vae_imputed
983,0.5572728199043899,0.0,4507,SIDM01164,move_diabetes_imputed
342,0.5331614209320699,0.0,4546,SIDM01056,mofa_imputed
917,0.5453279792863817,0.0,4564,SIDM00554,mofa_imputed
403,0.6110809332642207,0.0,4591,SIDM00457,move_diabetes_imputed
398,0.5356478215010536,0.0,4568,SIDM00371,move_diabetes_imputed
388,0.6001933069945931,0.0,4591,SIDM01096,move_diabetes_imputed
443,0.5759996546412235,0.0,4586,SIDM01033,move_diabetes_imputed
442,0.5733690301562855,0.0,4586,SIDM01033,mofa_imputed
441,0.5315773160503653,0.0,4586,SIDM01033,vae_imputed
438,0.6647456360419075,0.0,4585,SIDM00513,move_diabetes_imputed
923,0.5418877448226378,0.0,4585,SIDM01020,move_diabetes_imputed
918,0.571550426226764,0.0,4564,SIDM00554,move_diabetes_imputed
147,0.6381209004563254,0.0,4589,SIDM00676,mofa_imputed
958,0.578119526067076,0.0,4591,SIDM01147,move_diabetes_imputed
957,0.5306500713121574,0.0,4591,SIDM01147,mofa_imputed
368,0.5432345854312416,0.0,4507,SIDM00333,move_diabetes_imputed
364,0.5403002476006697,0.0,4568,SIDM00447,mean
363,0.6757760303743255,0.0,4568,SIDM00447,move_diabetes_imputed
362,0.5951423868437029,0.0,4568,SIDM00447,mofa_imputed
446,0.6104444559682354,0.0,4559,SIDM00589,vae_imputed
445,0.6449396292578021,0.0,2821,SIDM00589,original
947,0.555559703726288,0.0,4584,SIDM00920,mofa_imputed
642,0.5622591094583418,0.0,4613,SIDM00940,mofa_imputed
1193,0.6296766581088511,0.0,4504,SIDM01016,move_diabetes_imputed
1218,0.553291214255228,0.0,4529,SIDM00284,move_diabetes_imputed
543,0.5923784559231353,0.0,4557,SIDM01037,move_diabetes_imputed
1181,0.6699011115622071,0.0,4515,SIDM00407,vae_imputed
1180,0.7238874596245541,0.0,3290,SIDM00407,original
1178,0.5837638634764144,0.0,4515,SIDM00996,move_diabetes_imputed
1177,0.5627799823319103,0.0,4515,SIDM00996,mofa_imputed
1176,0.5567182689662744,0.0,4515,SIDM00996,vae_imputed
643,0.6206296383382452,0.0,4613,SIDM00940,move_diabetes_imputed
1203,0.5875347500299541,0.0,4564,SIDM00812,move_diabetes_imputed
641,0.5848119728762473,0.0,4613,SIDM00940,vae_imputed
413,0.6107481061576111,0.0,4577,SIDM00856,move_diabetes_imputed
412,0.526055281719713,0.0,4577,SIDM00856,mofa_imputed
1447,0.5836921441763812,0.0,4583,SIDM01059,mofa_imputed
633,0.6968771424000948,0.0,4589,SIDM00081,move_diabetes_imputed
632,0.6577767614807343,0.0,4589,SIDM00081,mofa_imputed
631,0.6425450406797901,0.0,4589,SIDM00081,vae_imputed
630,0.6862830274563593,0.0,3027,SIDM00081,original
628,0.6266629972166512,0.0,4529,SIDM00505,move_diabetes_imputed
607,0.5912395617214851,0.0,4504,SIDM01038,mofa_imputed
191,0.5508951444916014,0.0,4576,SIDM00124,vae_imputed
183,0.5428958362455591,0.0,4560,SIDM00628,move_diabetes_imputed
698,0.6060666108419379,0.0,4582,SIDM00336,move_diabetes_imputed
557,0.6474807463468296,0.0,4568,SIDM01076,mofa_imputed
556,0.648431130976803,0.0,4568,SIDM01076,vae_imputed
555,0.6989363111740633,0.0,3248,SIDM01076,original
708,0.5813282403397402,0.0,4589,SIDM00649,move_diabetes_imputed
1213,0.5467283753127856,0.0,4577,SIDM01005,move_diabetes_imputed
608,0.6155433573349165,0.0,4504,SIDM01038,move_diabetes_imputed
627,0.6281238811118337,0.0,4529,SIDM00505,mofa_imputed
606,0.590044613310523,0.0,4504,SIDM01038,vae_imputed
594,0.5618061992492465,0.0,4560,SIDM00898,mean
688,0.535199085361369,0.0,4586,SIDM00899,move_diabetes_imputed
683,0.5287365494896094,0.0,4570,SIDM01024,move_diabetes_imputed
703,0.5659757927081294,0.0,4582,SIDM00097,move_diabetes_imputed
1173,0.6081195199423981,0.0,4585,SIDM00130,move_diabetes_imputed
1253,0.5524889459770197,0.0,4580,SIDM01023,move_diabetes_imputed
1248,0.6138777816000982,0.0,4585,SIDM00426,move_diabetes_imputed
1243,0.5471581437241947,0.0,4582,SIDM00798,move_diabetes_imputed
1301,0.5907398348746139,0.0,4560,SIDM00435,vae_imputed
120,0.664237935708107,0.0,3052,SIDM00116,original
1300,0.6414547438962702,0.0,3121,SIDM00435,original
1298,0.5619977414033116,0.0,4577,SIDM01008,move_diabetes_imputed
1293,0.6471821683962113,0.0,4572,SIDM01197,move_diabetes_imputed
1292,0.6129581728725984,0.0,4572,SIDM01197,mofa_imputed
1291,0.5935141957631496,0.0,4572,SIDM01197,vae_imputed
1308,0.528643858630519,0.0,4586,SIDM00512,move_diabetes_imputed
1303,0.6529037084602589,0.0,4560,SIDM00435,move_diabetes_imputed
1302,0.5870027554391195,0.0,4560,SIDM00435,mofa_imputed
121,0.598416138454642,0.0,4546,SIDM00116,vae_imputed
113,0.5895296298837642,0.0,4572,SIDM00345,move_diabetes_imputed
123,0.6428739739482844,0.0,4546,SIDM00116,move_diabetes_imputed
122,0.5858192882191642,0.0,4546,SIDM00116,mofa_imputed
706,0.5260606546485338,0.0,4589,SIDM00649,vae_imputed
153,0.6417609914714069,0.0,4515,SIDM01089,move_diabetes_imputed
152,0.5930653874104739,0.0,4515,SIDM01089,mofa_imputed
151,0.589654317617364,0.0,4515,SIDM01089,vae_imputed
148,0.5788496402145813,0.0,4589,SIDM00676,move_diabetes_imputed
1441,0.535201689261167,0.0,4507,SIDM00327,vae_imputed
1352,0.558846369138936,0.0,4591,SIDM01188,mofa_imputed
1353,0.5748181829555857,0.0,4591,SIDM01188,move_diabetes_imputed
626,0.6157880269448298,0.0,4529,SIDM00505,vae_imputed
625,0.6427293348697198,0.0,3187,SIDM00505,original
613,0.6344203844940415,0.0,4576,SIDM01084,move_diabetes_imputed
612,0.5574575003645856,0.0,4576,SIDM01084,mofa_imputed
611,0.558768477645764,0.0,4576,SIDM01084,vae_imputed
610,0.650325745234606,0.0,2950,SIDM01084,original
640,0.5965740100399334,0.0,3907,SIDM00940,original
1330,0.610854859459707,0.0,3219,SIDM00837,original
1148,0.596802342696436,0.0,4582,SIDM00660,move_diabetes_imputed
1338,0.6860950025581969,0.0,4571,SIDM00875,move_diabetes_imputed
1381,0.5497223219496471,0.0,4515,SIDM01137,vae_imputed
1443,0.6355483367259482,0.0,4507,SIDM00327,move_diabetes_imputed
1290,0.6294729812962515,0.0,3179,SIDM01197,original
578,0.5860257379382763,0.0,4580,SIDM00893,move_diabetes_imputed
678,0.5619599589851315,0.0,4594,SIDM00890,move_diabetes_imputed
663,0.5827233512589819,0.0,4576,SIDM00082,move_diabetes_imputed
1445,0.6359510826662337,0.0,3337,SIDM01059,original
215,0.5782079691800306,0.0,3657,SIDM00783,original
833,0.5722028230778401,0.0,4575,SIDM01111,move_diabetes_imputed
831,0.530552726362007,0.0,4575,SIDM01111,vae_imputed
828,0.5474447169263515,0.0,4564,SIDM00884,move_diabetes_imputed
823,0.6068159968500179,0.0,4568,SIDM00548,move_diabetes_imputed
508,0.6451843519213627,0.0,4559,SIDM00239,move_diabetes_imputed
507,0.590446330254335,0.0,4559,SIDM00239,mofa_imputed
218,0.5990991346447172,0.0,4584,SIDM00783,move_diabetes_imputed
217,0.5265250882197036,0.0,4584,SIDM00783,mofa_imputed
192,0.5564551639444393,0.0,4576,SIDM00124,mofa_imputed
836,0.5373274455341779,0.0,4591,SIDM00405,vae_imputed
733,0.6100413410948886,0.0,4574,SIDM00919,move_diabetes_imputed
723,0.5492248863684926,0.0,4588,SIDM01112,move_diabetes_imputed
752,0.5408770149683763,0.0,4589,SIDM00541,mofa_imputed
751,0.5273512565342272,0.0,4589,SIDM00541,vae_imputed
524,0.5444227074172505,0.0,4557,SIDM00453,mean
523,0.6541431523690042,0.0,4557,SIDM00453,move_diabetes_imputed
522,0.6134576666888077,0.0,4557,SIDM00453,mofa_imputed
521,0.62027295973561,0.0,4557,SIDM00453,vae_imputed
568,0.6697060067183018,0.0,4572,SIDM00272,move_diabetes_imputed
1133,0.6361754362683592,0.0,4572,SIDM00761,move_diabetes_imputed
295,0.741581889393529,0.0,3481,SIDM00698,original
1143,0.5764092737098477,0.0,4585,SIDM00046,move_diabetes_imputed
243,0.527116418408563,0.0,4559,SIDM00866,move_diabetes_imputed
1160,0.6617939171893193,0.0,3203,SIDM01060,original
1158,0.5503580688361592,0.0,4572,SIDM00151,move_diabetes_imputed
520,0.659798000296903,0.0,3664,SIDM00453,original
518,0.5292976495787752,0.0,4515,SIDM00498,move_diabetes_imputed
1140,0.6349554513623168,0.0,3153,SIDM00046,original
1134,0.5322915409276221,0.0,4572,SIDM00761,mean
216,0.5378016259343978,0.0,4584,SIDM00783,vae_imputed
1132,0.5756485943947316,0.0,4572,SIDM00761,mofa_imputed
506,0.5871554837403754,0.0,4559,SIDM00239,vae_imputed
505,0.612530784896566,0.0,3543,SIDM00239,original
840,0.6228726047705634,0.0,3220,SIDM00693,original
838,0.590692745903547,0.0,4591,SIDM00405,move_diabetes_imputed
791,0.629038095726288,0.0,4591,SIDM00651,vae_imputed
790,0.6712423027420449,0.0,3413,SIDM00651,original
778,0.6518088059521574,0.0,4559,SIDM00247,move_diabetes_imputed
558,0.7216459865275867,0.0,4568,SIDM01076,move_diabetes_imputed
1171,0.5374151186370133,0.0,4585,SIDM00130,vae_imputed
1163,0.6487801094200207,0.0,4568,SIDM01060,move_diabetes_imputed
1172,0.5280244084051688,0.0,4585,SIDM00130,mofa_imputed
1162,0.6221829811774056,0.0,4568,SIDM01060,mofa_imputed
1161,0.6139448937281796,0.0,4568,SIDM01060,vae_imputed
567,0.5748612663793773,0.0,4572,SIDM00272,mofa_imputed
753,0.5784219201206029,0.0,4589,SIDM00541,move_diabetes_imputed
758,0.58257382753764,0.0,4568,SIDM00683,move_diabetes_imputed
193,0.552607224382601,0.0,4576,SIDM00124,move_diabetes_imputed
1131,0.5861965621495404,0.0,4572,SIDM00761,vae_imputed
565,0.6003160440677402,0.0,3398,SIDM00272,original
1130,0.6465311087384318,0.0,2993,SIDM00761,original
566,0.5446674059062906,0.0,4572,SIDM00272,vae_imputed
163,0.550155804254645,0.0,4606,SIDM00789,move_diabetes_imputed
158,0.5534250700056343,0.0,4591,SIDM00629,move_diabetes_imputed
1358,0.5263756123990667,2e-323,4559,SIDM00885,move_diabetes_imputed
1407,0.5282273505369708,7e-323,4514,SIDM01148,mofa_imputed
145,0.7183371768126214,1.1e-322,2035,SIDM00676,original
1141,0.5245763577540992,1.2e-322,4585,SIDM00046,vae_imputed
1102,0.525477422596764,3.36e-322,4560,SIDM01184,mofa_imputed
768,0.5242414364208319,3.56e-322,4585,SIDM00680,move_diabetes_imputed
1331,0.5245971977165502,7.184e-321,4559,SIDM00837,vae_imputed
0,0.6361322201546077,1.2915e-320,2828,SIDM00762,original
777,0.5243077388867748,1.8676e-320,4559,SIDM00247,mofa_imputed
1406,0.5257905009605766,2.02794e-319,4514,SIDM01148,vae_imputed
1437,0.5215354614056891,2.29045e-318,4586,SIDM00461,mofa_imputed
845,0.6173823980077319,2.52338e-318,3034,SIDM00828,original
832,0.5219959288262501,2.901914e-318,4575,SIDM01111,mofa_imputed
658,0.5213101220423879,3.49578e-318,4588,SIDM00909,move_diabetes_imputed
894,0.5225375520985986,5.359733e-318,4560,SIDM00611,mean
306,0.5203895008885333,2.7740146e-317,4594,SIDM00572,vae_imputed
1164,0.5215287035877997,4.085014e-317,4568,SIDM01060,mean
214,0.5210724686875147,5.1108176e-317,4576,SIDM00401,mean
837,0.5198567821817304,2.54937014e-316,4591,SIDM00405,mofa_imputed
1022,0.5203019853935634,3.3736084e-316,4580,SIDM00799,mofa_imputed
150,0.6287863789140213,1.765550206e-315,2868,SIDM01089,original
1435,0.6071916029910552,9.1040441e-315,3130,SIDM00461,original
1262,0.518912299670893,1.221458929e-314,4586,SIDM00779,mofa_imputed
168,0.5190495465562601,1.4639781453e-314,4582,SIDM00594,move_diabetes_imputed
956,0.518287618404037,4.263107705e-314,4591,SIDM01147,vae_imputed
307,0.5180931363652688,5.0201881115e-314,4594,SIDM00572,mofa_imputed
1449,0.5166368827420235,3.131828324314e-311,4583,SIDM01059,mean
358,0.5191999696868919,3.178316032003e-311,4530,SIDM01028,move_diabetes_imputed
707,0.5162728012545383,4.0005198941723e-311,4589,SIDM00649,mofa_imputed
488,0.515782689790484,8.977668120646e-311,4594,SIDM00791,move_diabetes_imputed
1332,0.5173993180382992,1.1211894783294e-310,4559,SIDM00837,mofa_imputed
776,0.5170645709619008,3.2943940188988e-310,4559,SIDM00247,vae_imputed
1146,0.5153462212527369,2.342486942197985e-309,4582,SIDM00660,vae_imputed
1125,0.5875842076470961,3.794630000228683e-309,3338,SIDM00318,original
1066,0.5186575963482829,6.70173104128118e-309,4507,SIDM01062,vae_imputed
1190,0.6094268069341476,4.152527003548748e-307,3025,SIDM01016,original
1057,0.513411062323699,2.900687462289635e-306,4576,SIDM00486,mofa_imputed
579,0.512772381963336,1.2062678592117e-305,4580,SIDM00893,mean
48,0.513957059355965,1.4844297248789186e-305,4554,SIDM00506,move_diabetes_imputed
775,0.5697109000754397,1.8989904434183378e-305,3559,SIDM00247,original
1175,0.5652369321067672,3.5187089261183717e-305,3625,SIDM00996,original
702,0.5122606221506414,4.537831624825668e-305,4582,SIDM00097,mofa_imputed
993,0.5120645561462247,8.46789594246142e-305,4582,SIDM00132,move_diabetes_imputed
757,0.512478900211405,1.9138342742860886e-304,4568,SIDM00683,mofa_imputed
391,0.5115854895993495,5.2587847707616455e-304,4580,SIDM01172,vae_imputed
988,0.5123788766070485,1.036102449445136e-303,4559,SIDM01150,move_diabetes_imputed
392,0.5111695570192855,1.9673136428428794e-303,4580,SIDM01172,mofa_imputed
31,0.5124122919264015,1.996896575267881e-303,4554,SIDM01077,vae_imputed
222,0.512174583313806,2.6829805767848266e-303,4557,SIDM00586,mofa_imputed
83,0.5102401803959662,1.507006376638797e-302,4586,SIDM00349,move_diabetes_imputed
1110,0.595661092263694,3.4516206162228063e-302,3153,SIDM00713,original
1294,0.5102639823429089,1.156018042772557e-301,4572,SIDM01197,mean
143,0.5096519638308759,1.4523074430466764e-300,4568,SIDM00745,move_diabetes_imputed
730,0.580879966378414,1.5841503621746088e-300,3338,SIDM00919,original
966,0.5093011625573927,1.7762197384065093e-300,4574,SIDM00672,vae_imputed
677,0.5082050371649824,2.7918545899356165e-300,4594,SIDM00890,mofa_imputed
886,0.5094698609436277,4.6985509079472305e-300,4564,SIDM00658,vae_imputed
916,0.5093291119492989,7.309899069423006e-300,4564,SIDM00554,vae_imputed
318,0.5083272150173662,2.8061810375071635e-299,4576,SIDM01163,move_diabetes_imputed
1147,0.5077672110933582,6.631586160581245e-299,4582,SIDM00660,mofa_imputed
332,0.5080817462522296,1.485086055583551e-298,4570,SIDM00702,mofa_imputed
697,0.506724053025003,1.7362820649280175e-297,4582,SIDM00336,mofa_imputed
981,0.5102461037872974,2.2245023546032247e-297,4507,SIDM01164,vae_imputed
996,0.5059600400982204,4.9740612005050285e-297,4591,SIDM00749,vae_imputed
1227,0.5073436317984861,6.617943530210746e-297,4560,SIDM01082,mofa_imputed
1428,0.5057201599482782,6.750500264690344e-297,4594,SIDM00803,move_diabetes_imputed
157,0.5058127816582636,7.877187320096654e-297,4591,SIDM00629,mofa_imputed
340,0.5941659661893712,2.7441949033922903e-295,3100,SIDM01056,original
682,0.5055882580004956,3.529796850229651e-295,4570,SIDM01024,mofa_imputed
1327,0.5055795421814682,2.4741056840254855e-294,4557,SIDM00841,mofa_imputed
605,0.612062747701583,5.8852866065790146e-294,2863,SIDM01038,original
603,0.5035519609941186,3.3219457793001797e-293,4582,SIDM01027,move_diabetes_imputed
763,0.5040083546331385,4.061259325709806e-293,4571,SIDM00748,move_diabetes_imputed
878,0.504109000099865,1.7306020927166084e-292,4559,SIDM00778,move_diabetes_imputed
576,0.5026410927837986,7.398352681375543e-292,4580,SIDM00893,vae_imputed
32,0.5038163207791327,8.869254580626097e-292,4554,SIDM01077,mofa_imputed
283,0.5022869435873347,1.063699021607406e-291,4585,SIDM01010,move_diabetes_imputed
982,0.5057540591474693,2.337158982626441e-291,4507,SIDM01164,mofa_imputed
1144,0.5020282934168493,2.3589913857069017e-291,4585,SIDM00046,mean
1184,0.5053552394244867,2.433849117679646e-291,4515,SIDM00407,mean
270,0.5904716264500857,4.977127137190517e-291,3103,SIDM01139,original
1071,0.5021856168802362,5.3793625137102654e-291,4576,SIDM00139,vae_imputed
1247,0.5015476467749073,1.034502562415186e-290,4585,SIDM00426,mofa_imputed
1326,0.5025807623087665,2.540971418548338e-290,4557,SIDM00841,vae_imputed
509,0.5022098657985845,5.916494931852295e-290,4559,SIDM00239,mean
1088,0.5014045395959442,6.837958017365966e-290,4575,SIDM00429,move_diabetes_imputed
721,0.5007078443483199,8.82746659461714e-290,4588,SIDM01112,vae_imputed
1405,0.5966139569962491,1.2568675019502817e-289,3009,SIDM01148,original
1021,0.5008476511105778,1.8268369314313573e-289,4580,SIDM00799,vae_imputed
955,0.5658126754337394,7.921084402473331e-289,3421,SIDM01147,original
293,0.5001726753310315,1.4403410948708454e-288,4580,SIDM00090,move_diabetes_imputed
1202,0.5009040538418972,1.5528725750029667e-288,4564,SIDM00812,mofa_imputed
887,0.5007077960869512,2.8263572188124806e-288,4564,SIDM00658,mofa_imputed
1273,0.5019355852876434,1.0692336481791937e-287,4529,SIDM01067,move_diabetes_imputed
820,0.5910447758741073,1.2744520099470584e-287,3059,SIDM00548,original
458,0.5018473700484332,1.397989782148531e-287,4529,SIDM00125,move_diabetes_imputed
696,0.4993079807125018,1.5125686182095623e-287,4582,SIDM00336,vae_imputed
401,0.49882575994735534,1.81133575123355e-287,4591,SIDM00457,vae_imputed
1063,0.49999728346989447,5.058206246130755e-287,4559,SIDM00122,move_diabetes_imputed
142,0.4994620473776765,7.059218742759646e-287,4568,SIDM00745,mofa_imputed
440,0.6523861760612173,1.061326910024121e-286,2364,SIDM01033,original
541,0.4996723139137128,1.8098690318760373e-286,4557,SIDM01037,vae_imputed
575,0.5884922068736729,2.6087592143585506e-286,3078,SIDM00893,original
1118,0.4994033898682883,2.660483262229576e-286,4560,SIDM00924,move_diabetes_imputed
402,0.49771683890868224,5.295045098288209e-286,4591,SIDM00457,mofa_imputed
1351,0.4966952672101745,1.173529275115984e-284,4591,SIDM01188,vae_imputed
112,0.4975832756482808,1.1875095561216401e-284,4572,SIDM00345,mofa_imputed
908,0.4976838483082915,1.5485221933163577e-284,4568,SIDM00108,move_diabetes_imputed
1108,0.49939611496568803,2.328969038170402e-284,4529,SIDM00477,move_diabetes_imputed
1095,0.5505316671582594,1.3376632411260716e-283,3589,SIDM00865,original
676,0.49558320735345385,2.2150142184082743e-283,4594,SIDM00890,vae_imputed
1142,0.4958602869227869,3.419029189063321e-283,4585,SIDM00046,mofa_imputed
383,0.49839173878574755,4.782218738205414e-283,4529,SIDM00703,move_diabetes_imputed
1409,0.4985125064398013,2.8403034768602572e-282,4514,SIDM01148,mean
963,0.4954531285463035,4.1462135142796066e-282,4576,SIDM00250,move_diabetes_imputed
926,0.4951470057565569,3.2063059898599144e-281,4568,SIDM01124,vae_imputed
577,0.4944990118220903,4.1428679239973186e-281,4580,SIDM00893,mofa_imputed
903,0.49404790041412483,4.539783005527021e-281,4589,SIDM00585,move_diabetes_imputed
173,0.49550106210075184,5.2280140734269804e-281,4557,SIDM00795,move_diabetes_imputed
681,0.49487086308451467,5.535986681347586e-281,4570,SIDM01024,vae_imputed
111,0.494478086458171,1.355225800856986e-280,4572,SIDM00345,vae_imputed
722,0.4936924100803311,1.5157518298965427e-280,4588,SIDM01112,mofa_imputed
927,0.4946155412684698,1.5746351809847247e-280,4568,SIDM01124,mofa_imputed
803,0.4951134751943286,2.5423670543746585e-280,4554,SIDM01190,move_diabetes_imputed
844,0.4968328491179506,3.719675490436064e-280,4515,SIDM00693,mean
206,0.49449283938179395,8.035520684908655e-280,4559,SIDM00560,vae_imputed
788,0.4930340195073436,1.8983601245971787e-279,4584,SIDM01105,move_diabetes_imputed
1201,0.4937681031462299,3.4648230673419326e-279,4564,SIDM00812,vae_imputed
701,0.49278446532178366,5.2824775346675755e-279,4582,SIDM00097,vae_imputed
305,0.583921767699542,5.968215149114493e-279,3057,SIDM00572,original
411,0.4925256189812539,2.2903734348202198e-278,4577,SIDM00856,vae_imputed
732,0.4926202357522162,2.6228640818950173e-278,4574,SIDM00919,mofa_imputed
1304,0.49287083840844487,8.738296574994064e-278,4560,SIDM00435,mean
925,0.5637427839016861,1.4990968365236443e-277,3316,SIDM01124,original
221,0.49270750703558397,2.1542244785517537e-277,4557,SIDM00586,vae_imputed
1100,0.5536619075979392,2.7152494798922504e-277,3461,SIDM01184,original
268,0.4905349197657045,1.6119187571240478e-276,4589,SIDM00290,move_diabetes_imputed
190,0.6375930167465791,2.8120753248393488e-276,2420,SIDM00124,original
1306,0.4901952859053871,6.6622958544084926e-276,4586,SIDM00512,vae_imputed
473,0.49013885305135624,1.7964116103209755e-275,4580,SIDM00499,move_diabetes_imputed
430,0.538602332511342,2.2043915458210958e-275,3672,SIDM00677,original
1318,0.48969856570183457,1.175949596815154e-273,4559,SIDM00138,move_diabetes_imputed
156,0.4880087025370495,2.1309298785187504e-273,4591,SIDM00629,vae_imputed
331,0.4885351785246224,7.940729063700558e-273,4570,SIDM00702,vae_imputed
662,0.4881384832597895,1.1219629159687457e-272,4576,SIDM00082,mofa_imputed
1380,0.6036798931599061,1.7532734520176923e-272,2747,SIDM01137,original
425,0.5630385170270846,1.4134455443733543e-271,3254,SIDM00568,original
1020,0.5775275216475706,2.459137157206011e-271,3055,SIDM00799,original
410,0.5895535154833091,2.9570349858413494e-271,2902,SIDM00856,original
587,0.48749268266120105,9.822062630127432e-271,4557,SIDM00527,mofa_imputed
1246,0.48617185259219575,1.0462365386652346e-270,4585,SIDM00426,vae_imputed
248,0.48848557610316135,2.15228684585553e-270,4530,SIDM00887,move_diabetes_imputed
756,0.48653915543212667,3.5610223274301638e-270,4568,SIDM00683,vae_imputed
1093,0.48817285585309944,5.339699907444215e-270,4530,SIDM01101,move_diabetes_imputed
385,0.5766182516232625,3.771285869937817e-269,3042,SIDM01096,original
686,0.48452501098922374,1.106821973994509e-268,4586,SIDM00899,vae_imputed
1261,0.4844275822015058,1.4687775861495523e-268,4586,SIDM00779,vae_imputed
1031,0.48385339746372336,5.033041627328714e-267,4572,SIDM00149,vae_imputed
1226,0.48432223015925974,6.4599598957268004e-267,4560,SIDM01082,vae_imputed
1032,0.48376070724368736,6.578342992266614e-267,4572,SIDM00149,mofa_imputed
1145,0.5244585836896081,7.556683926028173e-267,3789,SIDM00660,original
705,0.5704571584708393,1.5734066821302445e-265,3081,SIDM00649,original
1260,0.5541951019984213,1.7083745511747015e-265,3305,SIDM00779,original
242,0.4832142286437659,1.795789458730441e-265,4559,SIDM00866,mofa_imputed
423,0.48252028239157396,1.8016266890282383e-265,4574,SIDM00609,move_diabetes_imputed
1077,0.4850683362329124,3.5947972659164693e-265,4514,SIDM01055,mofa_imputed
44,0.4817914353869225,3.9032408622765933e-265,4584,SIDM01090,mean
1208,0.4812335069725553,5.192640963355529e-265,4594,SIDM01078,move_diabetes_imputed
1373,0.4824081563561794,1.5912813942329583e-264,4560,SIDM01085,move_diabetes_imputed
1307,0.48080202565181274,5.144565635414028e-264,4586,SIDM00512,mofa_imputed
1320,0.5256019637825552,1.026466922995062e-263,3725,SIDM00522,original
1245,0.5521462923773037,3.1458221821653882e-263,3306,SIDM00426,original
634,0.48000411132447296,3.415042713472847e-263,4589,SIDM00081,mean
456,0.4827271958358233,3.9044445016252974e-263,4529,SIDM00125,vae_imputed
400,0.5531734635756637,4.717703979592953e-263,3289,SIDM00457,original
656,0.4794869565520744,1.7086346545406746e-262,4588,SIDM00909,vae_imputed
882,0.47990304290582,2.8541917361273034e-262,4575,SIDM00849,mofa_imputed
46,0.4807736428296809,3.7557893300395884e-262,4554,SIDM00506,vae_imputed
586,0.48036822152184194,8.032631856647717e-262,4557,SIDM00527,vae_imputed
328,0.4788163425568,2.2229099835028692e-261,4583,SIDM00872,move_diabetes_imputed
1155,0.5862211622641462,2.3709595615015646e-261,2835,SIDM00151,original
542,0.4794470102861941,1.1013918328456976e-260,4557,SIDM01037,mofa_imputed
1056,0.47839933395120066,1.8102122966087092e-260,4576,SIDM00486,vae_imputed
731,0.4782714960198575,3.3748269666762966e-260,4574,SIDM00919,vae_imputed
849,0.4779143650055121,7.167172720495338e-260,4576,SIDM00828,mean
1251,0.4776578956959068,8.82813679436842e-260,4580,SIDM01023,vae_imputed
540,0.5606804535909267,1.1825434205673353e-259,3142,SIDM01037,original
98,0.47845286387580344,1.419563535179055e-259,4559,SIDM00729,move_diabetes_imputed
1170,0.5861726702556912,1.4675440304478857e-259,2816,SIDM00130,original
734,0.4777087048800084,1.6637238876970774e-259,4574,SIDM00919,mean
695,0.5586131003730561,1.8120648994501973e-259,3168,SIDM00336,original
457,0.479327741673196,5.990151364458382e-259,4529,SIDM00125,mofa_imputed
390,0.5644198701858723,1.614714414516061e-258,3078,SIDM01172,original
47,0.47778739561287553,1.7809167626231725e-258,4554,SIDM00506,mofa_imputed
808,0.4764489673904252,4.521498496846539e-258,4576,SIDM00618,move_diabetes_imputed
602,0.47598924297947653,7.640775858228236e-258,4582,SIDM01027,mofa_imputed
755,0.5924383127688448,9.679313068233428e-258,2723,SIDM00683,original
885,0.530675621317642,1.6534906816171098e-257,3555,SIDM00658,original
687,0.4754881935077717,1.877669235047806e-257,4586,SIDM00899,mofa_imputed
108,0.475781210971402,5.642555423298316e-257,4571,SIDM00485,move_diabetes_imputed
673,0.47455792246135275,1.3592278901479536e-256,4591,SIDM00879,move_diabetes_imputed
1076,0.4780682068328252,1.4530467249282183e-256,4514,SIDM01055,vae_imputed
1024,0.47469526063987677,3.7659695752154405e-256,4580,SIDM00799,mean
141,0.4749108949467604,9.537844244882062e-256,4568,SIDM00745,vae_imputed
1198,0.47383389018384536,2.2298527106422302e-255,4585,SIDM00684,move_diabetes_imputed
503,0.47289854261749925,2.0885639176053724e-254,4588,SIDM00087,move_diabetes_imputed
53,0.47500587100192626,9.454759667696806e-254,4530,SIDM00965,move_diabetes_imputed
967,0.4729643660246762,1.0241449654830361e-253,4574,SIDM00672,mofa_imputed
601,0.4722814043187526,2.4971122700445164e-253,4582,SIDM01027,vae_imputed
483,0.47169233905675945,4.1424121783408195e-253,4591,SIDM00194,move_diabetes_imputed
300,0.5465901432107627,4.2857128684909904e-253,3256,SIDM00277,original
1038,0.47223623634134965,6.041160772351768e-253,4576,SIDM00237,move_diabetes_imputed
13,0.47216315532817055,2.0321973800137254e-252,4568,SIDM00360,move_diabetes_imputed
1334,0.47223614478113096,5.170026324045215e-252,4559,SIDM00837,mean
657,0.47063663765648117,1.1367578201148712e-251,4588,SIDM00909,mofa_imputed
4,0.4713873880710608,2.8884588253099333e-251,4564,SIDM00762,mean
661,0.4708352243894218,2.950772445436125e-251,4576,SIDM00082,vae_imputed
258,0.4729069658998869,3.1663959235157283e-251,4530,SIDM00689,move_diabetes_imputed
1216,0.47285481772391047,4.150269287712489e-251,4529,SIDM00284,vae_imputed
30,0.507736104300871,4.774919079359306e-251,3844,SIDM01077,original
264,0.4738480792101918,6.420006885481456e-251,4504,SIDM00607,mean
1153,0.4710564144480951,1.3514794209694523e-250,4559,SIDM00654,move_diabetes_imputed
107,0.47038837495523267,1.8997116289710477e-250,4571,SIDM00485,mofa_imputed
394,0.4698062727293405,3.079300590901737e-250,4580,SIDM01172,mean
969,0.46969807075609393,8.775112831567814e-250,4574,SIDM00672,mean
940,0.5314133014054001,2.083996186051288e-249,3431,SIDM00675,original
1413,0.4686095223414557,2.8842352856149347e-248,4570,SIDM00715,move_diabetes_imputed
949,0.467746568579774,5.445844650778428e-248,4584,SIDM00920,mean
478,0.4664242691711679,1.3685723058279866e-247,4606,SIDM00832,move_diabetes_imputed
895,0.5449518894847745,2.6009361391860684e-247,3204,SIDM01030,original
1444,0.4704549798812504,4.7697472374072026e-247,4507,SIDM00327,mean
73,0.4702765117639147,1.1285754577778609e-246,4504,SIDM00640,move_diabetes_imputed
1129,0.46769204048266777,1.2264271620654945e-246,4560,SIDM00318,mean
559,0.46714593262701204,2.030704235313777e-246,4568,SIDM01076,mean
750,0.5634530219645998,2.0785793876322025e-246,2945,SIDM00541,original
1086,0.46641968593033994,6.231594072564108e-246,4575,SIDM00429,vae_imputed
466,0.46958072885341995,7.475608850240512e-246,4504,SIDM00487,vae_imputed
1217,0.467912745279493,3.102385786193795e-245,4529,SIDM00284,mofa_imputed
713,0.4675711037621968,7.83742221125487e-245,4529,SIDM01130,move_diabetes_imputed
1350,0.5696961942510692,2.742882448492738e-244,2842,SIDM01188,original
835,0.5505013039368416,7.361367426000339e-244,3083,SIDM00405,original
482,0.4638675186126528,9.183726014070241e-244,4591,SIDM00194,mofa_imputed
995,0.5731644301482376,1.3612553807251977e-243,2792,SIDM00749,original
614,0.4643777023409591,1.422123406905472e-243,4576,SIDM01084,mean
155,0.5332400641626962,3.8534270494708084e-243,3317,SIDM00629,original
467,0.46695334886964435,9.061517384753229e-243,4504,SIDM00487,mofa_imputed
718,0.4633934415889872,1.2571298539865164e-242,4580,SIDM00921,move_diabetes_imputed
1114,0.4635147980265461,1.6584612367634673e-242,4575,SIDM00713,mean
1065,0.5956231087938954,5.809180977519765e-242,2521,SIDM01062,original
552,0.4627891044800325,1.1754221812898586e-241,4575,SIDM01141,mofa_imputed
1238,0.4626726202435638,1.4261447335915916e-241,4576,SIDM00614,move_diabetes_imputed
553,0.4625249922658156,2.3944962741439427e-241,4575,SIDM01141,move_diabetes_imputed
397,0.46268289224872206,3.6391304788423614e-241,4568,SIDM00371,mofa_imputed
1196,0.46164519780421004,7.686379537338415e-241,4585,SIDM00684,vae_imputed
38,0.4626109836292102,1.30632149736876e-240,4559,SIDM00328,move_diabetes_imputed
544,0.4626459880853011,1.5133388463828645e-240,4557,SIDM01037,mean
1122,0.4643877872078176,2.596102362023232e-240,4514,SIDM01199,mofa_imputed
1121,0.4643508653522157,2.865430328421596e-240,4514,SIDM01199,vae_imputed
720,0.5317034864791778,1.5172091301722638e-239,3290,SIDM01112,original
463,0.4609187705644139,1.5877841508852525e-239,4576,SIDM00581,move_diabetes_imputed
161,0.4593044487269506,3.3815041538918932e-239,4606,SIDM00789,vae_imputed
936,0.4595091971206622,2.3608442134588367e-238,4585,SIDM00673,vae_imputed
937,0.4590522833881875,7.995396755337082e-238,4585,SIDM00673,mofa_imputed
1272,0.46155247014795736,8.126752749652207e-238,4529,SIDM01067,mofa_imputed
178,0.45915484628506614,8.677074197814096e-238,4582,SIDM00088,move_diabetes_imputed
1296,0.459263111023061,1.1759658813456488e-237,4577,SIDM01008,vae_imputed
365,0.5604992128713195,1.739550266841354e-237,2874,SIDM00333,original
935,0.5241972250853878,2.3817727189561186e-237,3371,SIDM00673,original
1179,0.4617308526686984,2.713955540771037e-237,4515,SIDM00996,mean
700,0.5346387442847969,4.900929664959403e-237,3213,SIDM00097,original
124,0.4599532859043714,7.451127328497257e-237,4546,SIDM00116,mean
660,0.5220639137091054,2.824824505761898e-236,3388,SIDM00082,original
680,0.5153309351161814,9.446826702323663e-236,3485,SIDM01024,original
1187,0.45677247160360623,3.846004057702126e-235,4584,SIDM00136,mofa_imputed
533,0.45737370516045006,5.121027641159948e-235,4568,SIDM00685,move_diabetes_imputed
1159,0.4571714452218588,5.465073877714828e-235,4572,SIDM00151,mean
247,0.45882971513352067,9.692003110134275e-235,4530,SIDM00887,mofa_imputed
830,0.5001711456503726,1.0826006194872596e-234,3719,SIDM01111,original
429,0.4595132006516024,3.4999830486867564e-234,4504,SIDM00568,mean
162,0.4549528057934331,3.6435253434587827e-234,4606,SIDM00789,mofa_imputed
609,0.45949663874444285,3.655474764093595e-234,4504,SIDM01038,mean
110,0.5360076509552039,6.621666010490704e-234,3151,SIDM00345,original
182,0.45674099124636025,6.944849413534171e-234,4560,SIDM00628,mofa_imputed
679,0.4550853888035541,1.0340447692841033e-233,4594,SIDM00890,mean
881,0.4558849231565148,1.1468814999180588e-233,4575,SIDM00849,vae_imputed
1018,0.4552291065776861,2.2625939323937453e-233,4584,SIDM00494,move_diabetes_imputed
921,0.4542413565302503,2.70481408525061e-232,4585,SIDM01020,vae_imputed
166,0.4543643319618774,2.7712831219285425e-232,4582,SIDM00594,vae_imputed
241,0.454966843642988,8.215668388051635e-232,4559,SIDM00866,vae_imputed
1194,0.4572739346024741,1.2218491942715894e-231,4504,SIDM01016,mean
1008,0.4552691721993045,1.6873611910553787e-231,4546,SIDM00547,move_diabetes_imputed
1252,0.45363238176991366,2.3774878193460727e-231,4580,SIDM01023,mofa_imputed
922,0.45305929861826727,5.986276954229693e-231,4585,SIDM01020,mofa_imputed
738,0.45610625531907817,7.917513351333e-231,4514,SIDM01108,move_diabetes_imputed
644,0.45167078814155703,9.156526824218481e-231,4613,SIDM00940,mean
128,0.4542225463369103,1.0245506508067533e-230,4554,SIDM00588,move_diabetes_imputed
389,0.45258558098218793,1.0370097221461324e-230,4591,SIDM01096,mean
1186,0.4527012668503483,1.7113830101049917e-230,4584,SIDM00136,vae_imputed
1200,0.519834181350593,3.1234052767378677e-230,3334,SIDM00812,original
472,0.4524861115174837,4.7470408806348855e-230,4580,SIDM00499,mofa_imputed
1087,0.45237493596582107,1.1248769226533895e-229,4575,SIDM00429,mofa_imputed
991,0.45083397552755766,2.773650988382502e-228,4582,SIDM00132,vae_imputed
801,0.4520022171671412,3.276302355739238e-228,4554,SIDM01190,vae_imputed
1313,0.4509974435954375,4.5110338871202276e-228,4574,SIDM01110,move_diabetes_imputed
802,0.45159617453298695,9.363771840621477e-228,4554,SIDM01190,mofa_imputed
103,0.450686692973246,2.5033837664276017e-227,4566,SIDM00339,move_diabetes_imputed
907,0.4505233789291724,3.04152016732029e-227,4568,SIDM00108,mofa_imputed
1393,0.4509506695780872,4.956875004631317e-227,4554,SIDM00926,move_diabetes_imputed
257,0.45195499026786357,5.759360773138994e-227,4530,SIDM00689,mofa_imputed
344,0.4509501046393141,1.233572875752934e-226,4546,SIDM01056,mean
941,0.4494654520818732,4.654056169517599e-226,4568,SIDM00675,vae_imputed
1356,0.44967647626845186,7.477785571648176e-226,4559,SIDM00885,vae_imputed
367,0.45186665427850137,1.0019872596202885e-225,4507,SIDM00333,mofa_imputed
63,0.4517037728402946,1.520248919623238e-225,4507,SIDM00615,move_diabetes_imputed
992,0.4482843463807224,2.0085895490779747e-225,4582,SIDM00132,mofa_imputed
439,0.4479696155177639,3.222310806417594e-225,4585,SIDM00513,mean
675,0.5150866581945258,7.757234498620097e-225,3326,SIDM00890,original
181,0.4481943234533837,2.9903521016864613e-224,4560,SIDM00628,vae_imputed
80,0.5581366838018882,3.253082816753621e-224,2740,SIDM00349,original
1454,0.4477358554588743,1.8904079728890156e-223,4554,SIDM00107,mean
256,0.44858357125925397,3.2210158012549527e-223,4530,SIDM00689,vae_imputed
1426,0.44551921129146654,6.3078466610944756e-223,4594,SIDM00803,vae_imputed
1197,0.4457659093289774,9.108017163212582e-223,4585,SIDM00684,mofa_imputed
1225,0.5554792814241537,1.0515761348548969e-222,2753,SIDM01082,original
246,0.4480257116818648,1.3305597245691596e-222,4530,SIDM00887,vae_imputed
942,0.4462916704487883,1.573932598539417e-222,4568,SIDM00675,mofa_imputed
767,0.4454742784063095,1.916288381832822e-222,4585,SIDM00680,mofa_imputed
906,0.4460626289335845,2.819846091861901e-222,4568,SIDM00108,vae_imputed
1388,0.44518848367274677,3.969419791034819e-222,4585,SIDM00957,move_diabetes_imputed
1055,0.5745971109976356,9.75748594499806e-222,2524,SIDM00486,original
396,0.4452939513282392,1.989266249860302e-221,4568,SIDM00371,vae_imputed
481,0.44366208827184284,9.92829130012432e-221,4591,SIDM00194,vae_imputed
1104,0.44451543245668473,3.456219976492614e-220,4560,SIDM01184,mean
959,0.44311588079046654,3.964427428917011e-220,4591,SIDM01147,mean
1305,0.49301545795758384,9.525464912827929e-220,3598,SIDM00512,original
1339,0.44345429727605273,1.5054423581751627e-219,4571,SIDM00875,mean
1254,0.4430032713898653,1.755386508790893e-219,4580,SIDM01023,mean
106,0.44323599565619043,2.6115911236020626e-219,4571,SIDM00485,vae_imputed
205,0.5580042142298844,2.6556979037545995e-219,2681,SIDM00560,original
980,0.5143197853435463,2.977211281305583e-219,3254,SIDM01164,original
883,0.44298109873019315,3.207019729535556e-219,4575,SIDM00849,move_diabetes_imputed
1061,0.44348924921756816,5.1355936076005376e-219,4559,SIDM00122,vae_imputed
96,0.44304312671660534,1.5779493592176807e-218,4559,SIDM00729,vae_imputed
748,0.4426315811109742,4.437771397245535e-218,4559,SIDM00831,move_diabetes_imputed
1325,0.5024590241529173,4.565687564159529e-218,3417,SIDM00841,original
1357,0.44253321385907357,5.680805082007189e-218,4559,SIDM00885,mofa_imputed
267,0.441208699181349,6.070801881197206e-218,4589,SIDM00290,mofa_imputed
1212,0.44164789611921684,7.397561657225228e-218,4577,SIDM01005,mofa_imputed
1297,0.44139606139919035,1.3923739974729682e-217,4577,SIDM01008,mofa_imputed
704,0.4410208819796307,2.0770572271300283e-217,4582,SIDM00097,mean
1070,0.530134878901638,2.6378540074403473e-217,3003,SIDM00139,original
858,0.44081236252259376,7.471597752873064e-217,4575,SIDM00608,move_diabetes_imputed
1215,0.50315553346385,4.922469467468369e-216,3374,SIDM00284,original
219,0.4396509169046279,5.175237876805815e-216,4584,SIDM00783,mean
313,0.44021518690360206,8.783272161958875e-216,4566,SIDM00533,move_diabetes_imputed
1211,0.43973110717188113,8.991487172085438e-216,4577,SIDM01005,vae_imputed
873,0.4388654744090323,4.554116544512686e-215,4582,SIDM00080,move_diabetes_imputed
1062,0.43958618326975274,8.933977671702974e-215,4559,SIDM00122,mofa_imputed
58,0.4397944687233926,9.115360988784161e-215,4554,SIDM00348,move_diabetes_imputed
1271,0.44007945718626673,6.6364008725947464e-214,4529,SIDM01067,vae_imputed
724,0.43689275006972206,3.2352091902281034e-213,4588,SIDM01112,mean
220,0.5555805331538066,6.220335551263638e-213,2630,SIDM00586,original
900,0.512382323160844,1.4091565059711827e-212,3182,SIDM00585,original
1250,0.5244802826378785,1.5117362159851632e-212,3012,SIDM01023,original
685,0.5545998099901512,2.837386459704169e-212,2633,SIDM00899,original
357,0.4379057082443765,1.2641376885820926e-211,4530,SIDM01028,mofa_imputed
709,0.43536589931201153,1.2691839888792384e-211,4589,SIDM00649,mean
944,0.4359433180479782,2.7963897062141776e-211,4568,SIDM00675,mean
356,0.4373648685587912,4.76476326617944e-211,4530,SIDM01028,vae_imputed
1003,0.4348675932186436,4.81274781463302e-211,4588,SIDM00833,move_diabetes_imputed
904,0.43472523063211865,6.152100022756553e-211,4589,SIDM00585,mean
81,0.4345958318332926,1.1582605685776645e-210,4586,SIDM00349,vae_imputed
405,0.5378464416296069,1.2133619692416465e-210,2812,SIDM00855,original
240,0.5503135686836172,1.4285692858763976e-210,2661,SIDM00866,original
585,0.5056419882255528,2.0598125904188254e-210,3248,SIDM00527,original
97,0.4353549822103237,3.059269319972065e-210,4559,SIDM00729,mofa_imputed
52,0.43640624603916645,4.975657309734696e-210,4530,SIDM00965,mofa_imputed
493,0.4350855972111679,5.917492478556723e-210,4559,SIDM00755,move_diabetes_imputed
476,0.43276776069359,1.282288492552965e-209,4606,SIDM00832,vae_imputed
1427,0.4331557575733845,1.7228175394560026e-209,4594,SIDM00803,mofa_imputed
422,0.43393258680464236,2.0669064005924168e-209,4574,SIDM00609,mofa_imputed
471,0.43361791776849123,2.386824470091728e-209,4580,SIDM00499,vae_imputed
986,0.4343662104995977,3.4356645380327004e-209,4559,SIDM01150,vae_imputed
88,0.4339662196246107,3.5622556092289247e-209,4568,SIDM00092,move_diabetes_imputed
987,0.43396024128788946,9.252704547989681e-209,4559,SIDM01150,mofa_imputed
366,0.4361105908265053,1.1617657427247801e-208,4507,SIDM00333,vae_imputed
451,0.43273389540786866,1.516030487802212e-208,4583,SIDM00321,vae_imputed
167,0.432424465924639,3.5778374057934415e-208,4582,SIDM00594,mofa_imputed
1156,0.43214385083027607,1.9952001954597816e-207,4572,SIDM00151,vae_imputed
291,0.4317742876550993,2.1432487147688622e-207,4580,SIDM00090,vae_imputed
253,0.4331741093533614,2.426700229928978e-207,4546,SIDM00392,move_diabetes_imputed
434,0.43151283858302547,3.292358186766285e-207,4582,SIDM00677,mean
824,0.4319388470407038,4.96447017384369e-207,4568,SIDM00548,mean
623,0.4309527350653515,2.3780109585137335e-206,4576,SIDM00105,move_diabetes_imputed
1249,0.4297590786588279,1.6995216586218774e-205,4585,SIDM00426,mean
1355,0.47540018779225535,1.8997827696410885e-205,3654,SIDM00885,original
598,0.4296415570660542,2.0387259033577114e-205,4586,SIDM01000,move_diabetes_imputed
766,0.4292365697559719,6.005657090731354e-205,4585,SIDM00680,vae_imputed
699,0.4292915274886389,7.141373262431628e-205,4582,SIDM00336,mean
266,0.42860819511301435,1.820110111909022e-204,4589,SIDM00290,vae_imputed
1116,0.4293391902685139,6.001121781972525e-204,4560,SIDM00924,vae_imputed
102,0.42820148633789556,4.9927995899199456e-203,4566,SIDM00339,mofa_imputed
381,0.4294758745610223,1.022432288796861e-202,4529,SIDM00703,vae_imputed
1075,0.48507355170282995,2.5442010085432327e-202,3436,SIDM01055,original
901,0.42653023774986587,2.6797534087972392e-202,4589,SIDM00585,vae_imputed
1264,0.4263011905661051,6.265205246641943e-202,4586,SIDM00779,mean
985,0.5078104140067682,2.7748792150374324e-201,3075,SIDM01150,original
1106,0.42750674079913675,1.1055339485087193e-200,4529,SIDM00477,vae_imputed
188,0.4284376182496828,1.1314287924445113e-200,4507,SIDM01182,move_diabetes_imputed
160,0.45753492347450553,1.2279152388762609e-200,3891,SIDM00789,original
292,0.42519053606055107,1.614107141207909e-200,4580,SIDM00090,mofa_imputed
825,0.48954437014826013,1.120072276060021e-199,3320,SIDM00884,original
330,0.5097307661963575,2.2127173415221224e-199,3019,SIDM00702,original
1315,0.5477361015102875,4.423751214482908e-199,2543,SIDM00138,original
1157,0.4238545029824279,8.49664313739266e-199,4572,SIDM00151,mofa_imputed
1425,0.4882397410103687,2.7274809024520293e-198,3317,SIDM00803,original
1439,0.4227028754768281,3.2359670110653138e-198,4586,SIDM00461,mean
1319,0.42320095464132057,1.4357857571790413e-197,4559,SIDM00138,mean
746,0.4229364656627748,2.673573415502534e-197,4559,SIDM00831,vae_imputed
1030,0.5000958385235561,5.183320876391748e-197,3118,SIDM00149,original
1402,0.42129383751315014,5.486663187727992e-197,4591,SIDM01031,mofa_imputed
653,0.4203831775850283,5.661983702210835e-196,4589,SIDM00718,move_diabetes_imputed
877,0.4213128673302089,1.2001687681164822e-195,4559,SIDM00778,mofa_imputed
629,0.4224875351270806,1.4693020423361747e-195,4529,SIDM00505,mean
1091,0.4216657372222859,9.019147101761095e-195,4530,SIDM01101,vae_imputed
477,0.418438789229884,1.0350411731771566e-194,4606,SIDM00832,mofa_imputed
1283,0.420358785669798,1.1113900785127767e-194,4559,SIDM01040,move_diabetes_imputed
1036,0.41958639028262573,1.2896284306350276e-194,4576,SIDM00237,vae_imputed
839,0.4189574557235824,1.3100126876779284e-194,4591,SIDM00405,mean
814,0.41941102783993406,2.138187263187084e-194,4575,SIDM00335,mean
140,0.5347322669667234,6.089279294644507e-194,2623,SIDM00745,original
449,0.41884552865078206,3.737756173294527e-193,4559,SIDM00589,mean
470,0.47754293076616583,3.8549600170433093e-193,3398,SIDM00499,original
1384,0.4205522069883843,5.1509142804376285e-193,4515,SIDM01137,mean
1099,0.417254466428126,1.483865503785051e-192,4583,SIDM00865,mean
876,0.41794504344361516,3.001956095618977e-192,4559,SIDM00778,vae_imputed
36,0.4178673175877632,3.592297538480303e-192,4559,SIDM00328,vae_imputed
421,0.41716334842121083,4.3364597150145385e-192,4574,SIDM00609,vae_imputed
1242,0.41639508701735717,1.1917934015039757e-191,4582,SIDM00798,mofa_imputed
1401,0.4159847384516129,1.3053955878084068e-191,4591,SIDM01031,vae_imputed
880,0.5413352489220407,2.018155286569663e-191,2514,SIDM00849,original
380,0.46991984653983243,2.028666609551945e-191,3493,SIDM00703,original
194,0.41624276919426373,2.9999284935819565e-191,4576,SIDM00124,mean
465,0.46262122381574833,4.211960927236102e-191,3613,SIDM00487,original
747,0.4165533371518306,7.41876251832733e-191,4559,SIDM00831,mofa_imputed
404,0.41468457701188133,2.6161455222099125e-190,4591,SIDM00457,mean
316,0.41517728487131456,3.4826691600938254e-190,4576,SIDM01163,vae_imputed
172,0.4158163903253941,4.873007715897354e-190,4557,SIDM00795,mofa_imputed
51,0.416678036933277,8.873025578066706e-190,4530,SIDM00965,vae_imputed
1223,0.4153925681992335,1.0643498606787083e-189,4559,SIDM01146,move_diabetes_imputed
452,0.4143349338336401,1.2427019268536338e-189,4583,SIDM00321,mofa_imputed
382,0.4158962903791798,5.811340154936619e-189,4529,SIDM00703,mofa_imputed
1316,0.41416495893408345,1.7598741984154856e-188,4559,SIDM00138,vae_imputed
101,0.41386018894988835,1.8250301617285835e-188,4566,SIDM00339,vae_imputed
1233,0.41381898756819924,2.0049064150807474e-188,4566,SIDM00942,move_diabetes_imputed
929,0.4137108845286733,2.1259712612600998e-188,4568,SIDM01124,mean
317,0.41315802904845816,3.5424319870835325e-188,4576,SIDM01163,mofa_imputed
228,0.41292154138355797,4.1776851895378643e-188,4580,SIDM00860,move_diabetes_imputed
826,0.41318104475256845,1.0347999167180988e-187,4564,SIDM00884,vae_imputed
1117,0.4132089608604368,1.4127947968029274e-187,4560,SIDM00924,mofa_imputed
655,0.47061589107445095,1.5377631301858924e-187,3410,SIDM00909,original
309,0.41151981727345177,2.7648923721884236e-187,4594,SIDM00572,mean
18,0.41262957862787464,3.6248973955950624e-187,4564,SIDM00687,move_diabetes_imputed
455,0.48534385282541603,1.6134275046685824e-186,3161,SIDM00125,original
551,0.4115090428545663,1.6546646896839408e-186,4575,SIDM01141,vae_imputed
171,0.41212755830079595,2.1742649243686115e-186,4557,SIDM00795,vae_imputed
486,0.41048306108878135,2.91926882583825e-186,4594,SIDM00791,vae_imputed
712,0.412772224826658,6.916017041668276e-186,4529,SIDM01130,mofa_imputed
180,0.4692413480639367,1.0230779455090033e-185,3399,SIDM00628,original
1152,0.41090983600623826,2.828753556008423e-185,4559,SIDM00654,mofa_imputed
915,0.5053344605262942,3.011410657130215e-185,2860,SIDM00554,original
827,0.4104324995349959,5.226772942370285e-185,4564,SIDM00884,mofa_imputed
1007,0.40976621783485223,1.2276348816077207e-183,4546,SIDM00547,mofa_imputed
1270,0.5066627043526133,8.010232418976155e-183,2805,SIDM01067,original
800,0.5081013358489226,1.172747252851626e-182,2784,SIDM01190,original
745,0.44477027868113383,2.5136203200268572e-182,3764,SIDM00831,original
1348,0.4077110572135833,3.69548994431724e-182,4559,SIDM00850,move_diabetes_imputed
1151,0.40762825834320304,4.445066288498289e-182,4559,SIDM00654,vae_imputed
1295,0.4690863907966377,5.169869302253719e-182,3333,SIDM01008,original
711,0.4087591098560778,5.53199853303813e-182,4529,SIDM01130,vae_imputed
323,0.4067809934844055,1.0832114149940972e-181,4570,SIDM00973,move_diabetes_imputed
159,0.40550586183834103,2.794067450612278e-181,4591,SIDM00629,mean
961,0.4060406485944107,3.2771096624320356e-181,4576,SIDM00250,vae_imputed
964,0.4057710138484422,5.971401497258913e-181,4576,SIDM00250,mean
693,0.4056564259378702,7.041358866199299e-181,4577,SIDM00120,move_diabetes_imputed
960,0.48069325543138397,8.816790811541111e-181,3131,SIDM00250,original
95,0.4839031140574472,9.661800925511595e-181,3083,SIDM00729,original
939,0.4042983956735564,7.011262652093055e-180,4585,SIDM00673,mean
480,0.5255905477496274,7.282228465035537e-180,2532,SIDM00194,original
45,0.4737422708856145,1.4028712998520545e-179,3215,SIDM00506,original
37,0.4049628607264914,1.650802335921634e-179,4559,SIDM00328,mofa_imputed
474,0.4040851491356857,1.7574066575866782e-179,4580,SIDM00499,mean
648,0.40466849500925806,2.0214423627240305e-179,4564,SIDM00925,move_diabetes_imputed
93,0.4034869086761284,3.238026056999295e-179,4588,SIDM01125,move_diabetes_imputed
920,0.4775619409052273,4.341727288232263e-179,3148,SIDM01020,original
338,0.4038601152579567,5.899227228324304e-179,4572,SIDM00756,move_diabetes_imputed
786,0.40332811018802983,6.565034268440083e-179,4584,SIDM01105,vae_imputed
1119,0.4041925371393731,8.265101508605001e-179,4560,SIDM00924,mean
114,0.40367948171639845,8.789007128212335e-179,4572,SIDM00345,mean
762,0.40346996220638937,1.5249937135896623e-178,4571,SIDM00748,mofa_imputed
49,0.4035468798827998,5.842538632371142e-178,4554,SIDM00506,mean
8,0.4026351988880223,6.151817069058775e-178,4576,SIDM01156,move_diabetes_imputed
589,0.4031294478672237,1.1191459382324863e-177,4557,SIDM00527,mean
978,0.40288329795277855,1.608524168184248e-177,4559,SIDM00728,move_diabetes_imputed
1219,0.4035822552582593,5.002508001608008e-177,4529,SIDM00284,mean
23,0.40417337509302265,1.279775538381983e-176,4504,SIDM01194,move_diabetes_imputed
1372,0.4018325483834295,1.4709680060326257e-176,4560,SIDM01085,mofa_imputed
517,0.40347818446764494,2.181584632435797e-176,4515,SIDM00498,mofa_imputed
962,0.40086657313008234,2.978877072173508e-176,4576,SIDM00250,mofa_imputed
82,0.4003642548528013,3.7233676487420805e-176,4586,SIDM00349,mofa_imputed
71,0.40329097249225077,8.715135875741742e-176,4504,SIDM00640,vae_imputed
1329,0.4011179244520489,9.117028372362225e-176,4557,SIDM00841,mean
34,0.4005739115087091,3.8768837399518824e-175,4554,SIDM01077,mean
487,0.398267059437246,1.8041219949104422e-174,4594,SIDM00791,mofa_imputed
407,0.3982734045170996,2.3063428419681505e-174,4591,SIDM00855,mofa_imputed
909,0.3991609163376013,2.462031303382881e-174,4568,SIDM00108,mean
818,0.3984268421800969,2.5461405048250568e-174,4586,SIDM00582,move_diabetes_imputed
516,0.4008467122877716,6.54642232406448e-174,4515,SIDM00498,vae_imputed
990,0.46585003994631224,9.900056428847402e-174,3230,SIDM00132,original
418,0.39755073306052835,3.700559796577611e-173,4577,SIDM01072,move_diabetes_imputed
600,0.4911030651211255,9.523584958772938e-173,2847,SIDM01027,original
1092,0.3989797877731355,9.873668194394995e-173,4530,SIDM01101,mofa_imputed
233,0.3977211723001254,1.1081192297556368e-172,4560,SIDM01079,move_diabetes_imputed
905,0.4882981524621306,1.3836201626023963e-172,2882,SIDM00108,original
154,0.39871432702550563,6.41219447521809e-172,4515,SIDM01089,mean
569,0.3962142700944461,1.0146230721778274e-171,4572,SIDM00272,mean
126,0.39692738011488415,1.0243957924864439e-171,4554,SIDM00588,vae_imputed
787,0.39562133446102987,1.3042997947657765e-171,4584,SIDM01105,mofa_imputed
1324,0.3949984524709045,3.2537633316345543e-171,4589,SIDM00522,mean
1207,0.3946581253392486,4.423955550460779e-171,4594,SIDM01078,mofa_imputed
56,0.39592726523332866,8.739663850821919e-171,4554,SIDM00348,vae_imputed
902,0.39423692001941313,1.6683932257008343e-170,4589,SIDM00585,mofa_imputed
311,0.3947002224816159,4.340317801588571e-170,4566,SIDM00533,vae_imputed
1107,0.3960883124158201,5.240875827183242e-170,4529,SIDM00477,mofa_imputed
1028,0.39347476640162576,5.5982448419793136e-170,4594,SIDM00419,move_diabetes_imputed
806,0.3941369302284718,6.202501206164291e-170,4576,SIDM00618,vae_imputed
11,0.3938834329663918,2.0939461938905542e-169,4568,SIDM00360,vae_imputed
871,0.39287638956540527,5.509615277029186e-169,4582,SIDM00080,vae_imputed
761,0.3930844640507423,8.91213219193711e-169,4571,SIDM00748,vae_imputed
1037,0.3925644709666701,1.7696547935397988e-168,4576,SIDM00237,mofa_imputed
12,0.39282763313583113,1.9789017817452395e-168,4568,SIDM00360,mofa_imputed
245,0.4642107829862825,2.997142610441255e-168,3152,SIDM00887,original
281,0.39182217117813767,4.0362547994218673e-168,4585,SIDM01010,vae_imputed
198,0.3914802758336404,5.059818855438027e-168,4591,SIDM00716,move_diabetes_imputed
329,0.3917291557066412,5.810413496725132e-168,4583,SIDM00872,mean
1006,0.39275838832289156,1.451145622106582e-167,4546,SIDM00547,vae_imputed
125,0.46707345400341616,2.56881290341603e-167,3091,SIDM00588,original
87,0.3914990265018897,3.3026802504124066e-167,4568,SIDM00092,mofa_imputed
1206,0.3894941408431881,2.647161216442855e-166,4594,SIDM01078,vae_imputed
501,0.3897211507750505,2.68840136826793e-166,4588,SIDM00087,vae_imputed
315,0.46364477768516144,1.2376836461648268e-165,3111,SIDM01163,original
1236,0.38931592350975613,1.6959341194618203e-165,4576,SIDM00614,vae_imputed
144,0.3895759656920007,1.8980289251060021e-165,4568,SIDM00745,mean
373,0.3894121623737332,2.0909930767198442e-165,4571,SIDM00771,move_diabetes_imputed
550,0.4971740832952593,2.261557626869031e-165,2648,SIDM01141,original
1311,0.38883196126943287,5.520775561262563e-165,4574,SIDM01110,vae_imputed
1174,0.3883274951794956,6.457311278655997e-165,4585,SIDM00130,mean
1120,0.4585640475167958,8.554491950223196e-165,3173,SIDM01199,original
1083,0.3901280521417771,1.376030202099942e-164,4530,SIDM00552,move_diabetes_imputed
1185,0.44769911064966816,3.147634989548964e-164,3337,SIDM00136,original
684,0.38801848135028383,4.204435077579882e-164,4570,SIDM01024,mean
475,0.4630104765967751,7.204582190415925e-164,3087,SIDM00832,original
406,0.3868787668232041,8.229967611558683e-164,4591,SIDM00855,vae_imputed
834,0.38702438417216317,2.2268946971542383e-163,4575,SIDM01111,mean
1241,0.38667810636354116,2.596847961288649e-163,4582,SIDM00798,vae_imputed
86,0.38720004011189424,2.72822769049293e-163,4568,SIDM00092,vae_imputed
1240,0.45412732318236004,2.813663287050148e-163,3213,SIDM00798,original
409,0.3861276315182587,3.9486244784570126e-163,4591,SIDM00855,mean
326,0.3863968131209657,4.3039151277012823e-163,4583,SIDM00872,vae_imputed
984,0.38922913999096215,5.934577806595228e-163,4507,SIDM01164,mean
1115,0.48056974501102173,1.0844796521025958e-162,2816,SIDM00924,original
1371,0.3867531918860187,1.3228598868510443e-162,4560,SIDM01085,vae_imputed
889,0.3865586958096257,1.4321805689232852e-162,4564,SIDM00658,mean
1053,0.38567822933360146,1.7708782108924885e-162,4584,SIDM00534,move_diabetes_imputed
1149,0.3856077035609115,2.409092412217102e-162,4582,SIDM00660,mean
1378,0.38638807097961525,2.821041278277585e-162,4560,SIDM01066,move_diabetes_imputed
224,0.38649573131697634,2.877481456418859e-162,4557,SIDM00586,mean
127,0.38660166329318946,2.9461971631784908e-162,4554,SIDM00588,mofa_imputed
621,0.38554243407305056,4.473778882565139e-162,4576,SIDM00105,vae_imputed
1199,0.3851564011491623,4.829499205501711e-162,4585,SIDM00684,mean
355,0.450005690756402,5.031054091980595e-162,3254,SIDM01028,original
1387,0.3850859944789597,5.589191452711395e-162,4585,SIDM00957,mofa_imputed
282,0.3850495025699686,6.028752942574765e-162,4585,SIDM01010,mofa_imputed
325,0.4672623811308444,2.9591085855091043e-161,2975,SIDM00872,original
604,0.38402482742827504,6.394568478328458e-161,4582,SIDM01027,mean
479,0.3830365175287983,7.292784691610483e-161,4606,SIDM00832,mean
395,0.45373576130405935,9.274415839621236e-161,3169,SIDM00371,original
659,0.38344095626279195,1.3231185739584657e-160,4588,SIDM00909,mean
1312,0.3837913564915321,1.96047409462105e-160,4574,SIDM01110,mofa_imputed
1400,0.41993600742762327,4.355163877036474e-160,3749,SIDM01031,original
420,0.4759383966697529,7.566598278870705e-160,2828,SIDM00609,original
61,0.3856245524729309,9.823164523262926e-160,4507,SIDM00615,vae_imputed
716,0.38240640678888693,2.10074629628149e-159,4580,SIDM00921,vae_imputed
1398,0.3847761122572668,3.1633139993348237e-159,4514,SIDM00449,move_diabetes_imputed
62,0.3849511078136004,3.8829062005237595e-159,4507,SIDM00615,mofa_imputed
804,0.38227349919644193,2.1578184994618886e-158,4554,SIDM01190,mean
336,0.3813866345849072,3.187719259836991e-158,4572,SIDM00756,vae_imputed
1060,0.4257938015312053,5.8988036726778534e-158,3587,SIDM00122,original
884,0.38090816308356334,6.686995136125503e-158,4575,SIDM00849,mean
1195,0.5033632253639946,2.3633224837502407e-157,2447,SIDM00684,original
39,0.38077678476195814,3.066206390369573e-157,4559,SIDM00328,mean
573,0.3797411961701397,3.2995293748591985e-157,4585,SIDM00759,move_diabetes_imputed
759,0.3799463675959783,8.18984835306827e-157,4568,SIDM00683,mean
72,0.38235244953216924,9.603833046262406e-157,4504,SIDM00640,mofa_imputed
485,0.4371160419842409,1.433707396598225e-156,3354,SIDM00791,original
807,0.3788730168818705,3.8751537581597904e-156,4576,SIDM00618,mofa_imputed
1237,0.37875487165729627,4.922927865349312e-156,4576,SIDM00614,mofa_imputed
1385,0.45248860080353076,1.3524077379449713e-155,3085,SIDM00957,original
515,0.44177697757894774,2.326025721656986e-155,3250,SIDM00498,original
652,0.3774697625664525,2.429031973926307e-155,4589,SIDM00718,mofa_imputed
312,0.3783325804848721,2.5077328925072076e-155,4566,SIDM00533,mofa_imputed
531,0.37819274601594055,2.8487918853666202e-155,4568,SIDM00685,vae_imputed
462,0.37782352183826945,3.2362231974265448e-155,4576,SIDM00581,mofa_imputed
651,0.3770753747347717,5.388724647755529e-155,4589,SIDM00718,vae_imputed
1361,0.3772110978437479,5.571307710915749e-155,4585,SIDM00437,vae_imputed
689,0.3769925728796599,8.0183181653496e-155,4586,SIDM00899,mean
789,0.3769341388287054,1.0517533982117607e-154,4584,SIDM01105,mean
35,0.4615610855290965,1.9223441901527567e-154,2928,SIDM00328,original
817,0.37618568418748843,4.07303185801381e-154,4586,SIDM00582,mofa_imputed
461,0.3765059688551937,4.596280916766036e-154,4576,SIDM00581,vae_imputed
868,0.3761085840189461,9.457031573801115e-154,4577,SIDM00602,move_diabetes_imputed
1229,0.37648380194456327,1.6351466147890866e-153,4560,SIDM01082,mean
872,0.3752590826572447,3.548286980558801e-153,4582,SIDM00080,mofa_imputed
829,0.37580751572513116,4.660555374546373e-153,4564,SIDM00884,mean
1429,0.37448166402335425,6.77767460168374e-153,4594,SIDM00803,mean
290,0.4654434758290643,1.0966233740015038e-152,2840,SIDM00090,original
1386,0.3741513176043642,2.5906158817323316e-152,4585,SIDM00957,vae_imputed
779,0.3741201213150953,1.9632659573166072e-151,4559,SIDM00247,mean
622,0.37288941375145745,6.282750947788083e-151,4576,SIDM00105,mofa_imputed
875,0.4391394152029817,1.1426783508615563e-150,3193,SIDM00778,original
670,0.4262070627368354,2.3410910842915458e-150,3405,SIDM00879,original
664,0.372028501735432,3.457127686384586e-150,4576,SIDM00082,mean
1392,0.3728575636103109,3.4811565671526086e-150,4554,SIDM00926,mofa_imputed
460,0.4585505236224783,1.3718004258063887e-149,2877,SIDM00581,original
736,0.373685869298051,1.376905684775674e-149,4514,SIDM01108,vae_imputed
1205,0.43715922152347597,1.5098967270568497e-149,3201,SIDM01078,original
816,0.3708012095940293,1.8573146602705803e-149,4586,SIDM00582,vae_imputed
1412,0.37139859317855367,1.874162796439925e-149,4570,SIDM00715,mofa_imputed
672,0.37054093132758414,2.144190696892598e-149,4591,SIDM00879,mofa_imputed
1105,0.44518604704668835,3.1520305359453093e-149,3067,SIDM00477,original
337,0.37100384114823515,3.5157332051810426e-149,4572,SIDM00756,mofa_imputed
671,0.36996746739403485,6.642391884358897e-149,4591,SIDM00879,vae_imputed
100,0.440966375384344,7.4464661689453956e-149,3125,SIDM00339,original
450,0.4297963272749561,8.682621719858674e-149,3307,SIDM00321,original
874,0.3701058026073721,9.823946048280933e-149,4582,SIDM00080,mean
1150,0.4125862029325218,3.253133709674174e-148,3605,SIDM00654,original
1074,0.3694808237589904,5.212655473772422e-148,4576,SIDM00139,mean
10,0.4505266850441511,6.902727263804605e-148,2959,SIDM00360,original
1035,0.4307968667791118,7.511296476573917e-148,3269,SIDM00237,original
1391,0.36980875381130096,1.384715995190122e-147,4554,SIDM00926,vae_imputed
252,0.36998962209178443,1.754056346467636e-147,4546,SIDM00392,mofa_imputed
924,0.36852304077887954,1.7588410479070568e-147,4585,SIDM01020,mean
1085,0.44271773181515117,4.0028452724359734e-147,3061,SIDM00429,original
459,0.3698022686733715,8.838304958537756e-147,4529,SIDM00125,mean
624,0.3677828155016965,1.4387923972133928e-146,4576,SIDM00105,mean
805,0.4452527192067426,1.722865056135941e-146,3009,SIDM00618,original
265,0.4359524253558412,2.1408760980846315e-146,3152,SIDM00290,original
60,0.4226898081215633,2.461142597271179e-146,3374,SIDM00615,original
717,0.3670183980413057,4.764212355059824e-146,4580,SIDM00921,mofa_imputed
735,0.47828787427776037,4.84782047226037e-146,2552,SIDM01108,original
177,0.3664186031404243,1.3220762873548918e-145,4582,SIDM00088,mofa_imputed
469,0.3691462778869861,1.9744854202856044e-145,4504,SIDM00487,mean
1258,0.366022503253125,2.2967093293102627e-145,4585,SIDM00146,move_diabetes_imputed
1235,0.42920920770065984,5.601933396827409e-145,3231,SIDM00614,original
176,0.3655471909893444,7.157382827245894e-145,4582,SIDM00088,vae_imputed
1210,0.4409352963982027,8.679983054618248e-145,3039,SIDM01005,original
284,0.36527589327863175,9.754744263440662e-145,4585,SIDM01010,mean
1359,0.3659635189071785,1.6742786684884422e-144,4559,SIDM00885,mean
548,0.36585684869402546,1.9137756145347296e-144,4560,SIDM00933,move_diabetes_imputed
953,0.3648987414823807,2.3335765424641766e-144,4583,SIDM00369,move_diabetes_imputed
133,0.36550033357728423,2.4723114434888783e-144,4566,SIDM00937,move_diabetes_imputed
384,0.36650185830993753,5.171967626816659e-144,4529,SIDM00703,mean
1048,0.3641889285552572,7.40840358672025e-144,4586,SIDM00493,move_diabetes_imputed
618,0.36560059925919486,8.57465168110926e-144,4546,SIDM00144,move_diabetes_imputed
227,0.3640901715857514,1.373870657635275e-143,4580,SIDM00860,mofa_imputed
620,0.42943041436589746,1.5162887287982467e-143,3195,SIDM00105,original
280,0.4355526843478498,1.7091369660252905e-143,3095,SIDM01010,original
989,0.36470755781899084,1.876221515069166e-143,4559,SIDM01150,mean
765,0.43593717354804384,2.3288712919226215e-143,3086,SIDM00680,original
322,0.3641426786856274,2.531848972045023e-143,4570,SIDM00973,mofa_imputed
1168,0.36407249999167846,2.6979678071659854e-143,4571,SIDM00210,move_diabetes_imputed
1299,0.36348046045338445,5.487506489486395e-143,4577,SIDM01008,mean
1089,0.3632087184867019,1.0647577433447466e-142,4575,SIDM00429,mean
1390,0.41997318251679017,1.1960084737549698e-142,3335,SIDM00926,original
933,0.3641132607753078,1.4803010704539383e-142,4546,SIDM01026,move_diabetes_imputed
1410,0.4467601490984393,4.074175943633932e-142,2896,SIDM00715,original
1281,0.36281166015352934,7.056022887635681e-142,4559,SIDM01040,vae_imputed
175,0.42617921232182643,1.570884482800729e-141,3203,SIDM00088,original
977,0.36189218513912635,4.061593996508404e-141,4559,SIDM00728,mofa_imputed
310,0.4183946764640143,1.452393581888475e-140,3313,SIDM00533,original
1109,0.36231449335264265,1.5067927653709976e-140,4529,SIDM00477,mean
737,0.362142782769365,5.992872962425549e-140,4514,SIDM01108,mofa_imputed
1239,0.35977970709157303,6.80929071792809e-140,4576,SIDM00614,mean
530,0.45794856223295377,1.2431548945055473e-139,2691,SIDM00685,original
149,0.35868262275459645,2.2076356307372144e-139,4589,SIDM00676,mean
359,0.3603614949800863,5.570865204655584e-139,4530,SIDM01028,mean
785,0.4066844236958766,6.637709669335003e-139,3484,SIDM01105,original
491,0.3583578772090816,3.215736461771962e-138,4559,SIDM00755,vae_imputed
492,0.3583217296684498,3.44140707552392e-138,4559,SIDM00755,mofa_imputed
165,0.4268708923579359,4.2816641552432355e-138,3113,SIDM00594,original
1389,0.35716105762946565,5.114481828275049e-138,4585,SIDM00957,mean
1039,0.3572056504444727,8.70172084228084e-138,4576,SIDM00237,mean
899,0.35698469244501174,8.742261810006789e-138,4582,SIDM01030,mean
57,0.3578822167730208,1.1056594198998257e-137,4554,SIDM00348,mofa_imputed
1309,0.3564105461428696,1.9537589449453248e-137,4586,SIDM00512,mean
1411,0.3568351870478102,2.6236584635478353e-137,4570,SIDM00715,vae_imputed
170,0.4074130555685569,3.4181564273216524e-137,3427,SIDM00795,original
1005,0.4251016987215976,3.749266988630037e-137,3120,SIDM00547,original
196,0.35579982665851473,4.367745849933148e-137,4591,SIDM00716,vae_imputed
321,0.3561238911332089,9.909064471718091e-137,4570,SIDM00973,vae_imputed
226,0.35565526153791194,1.2059241132107165e-136,4580,SIDM00860,vae_imputed
1282,0.3560748473743326,2.2915950291553113e-136,4559,SIDM01040,mofa_imputed
184,0.355824871472905,3.4091246986578917e-136,4560,SIDM00628,mean
1013,0.3542324489023337,1.1399653623396178e-135,4586,SIDM00334,move_diabetes_imputed
238,0.35505654105751827,1.4202023634211752e-135,4560,SIDM01002,move_diabetes_imputed
197,0.35391181469046185,1.4796544441928368e-135,4591,SIDM00716,mofa_imputed
378,0.35406550925286795,1.9014006381973648e-135,4583,SIDM00742,move_diabetes_imputed
274,0.35645696001768784,2.404936036299497e-135,4514,SIDM01139,mean
1396,0.35622179509161606,3.7108945285783213e-135,4514,SIDM00449,vae_imputed
1034,0.3538488384999543,5.940439601680494e-135,4572,SIDM00149,mean
251,0.3540760193963409,2.231510890110432e-134,4546,SIDM00392,vae_imputed
798,0.3522358404543908,4.608526835517758e-134,4586,SIDM00941,move_diabetes_imputed
129,0.3525753144195687,2.0659190654913545e-133,4554,SIDM00588,mean
1397,0.3540163474690933,2.129814230002111e-133,4514,SIDM00449,mofa_imputed
710,0.4393932566146459,2.557666764445608e-133,2817,SIDM01130,original
70,0.3836962357365399,5.056415158464802e-133,3785,SIDM00640,original
1209,0.35031915142563397,9.271799366068936e-133,4594,SIDM01078,mean
1370,0.42502462137121955,2.0339354337720787e-132,3012,SIDM01085,original
249,0.35185908284907474,3.760722453548624e-132,4530,SIDM00887,mean
1090,0.39139444559765213,5.788966710823297e-132,3596,SIDM01101,original
1064,0.35009329234839576,1.388778211381304e-131,4559,SIDM00122,mean
294,0.3490037191482831,2.566636876317611e-131,4580,SIDM00090,mean
22,0.35165883027495004,3.02082546171938e-131,4504,SIDM01194,mofa_imputed
91,0.3482716670911627,5.793125885264683e-131,4588,SIDM01125,vae_imputed
870,0.4226075748997863,6.527107397939026e-131,3015,SIDM00080,original
597,0.3478980247965265,1.3009110045709688e-130,4586,SIDM01000,mofa_imputed
1001,0.34757903749098706,2.0409717887460267e-130,4588,SIDM00833,vae_imputed
863,0.3473639059915452,2.4861247143591194e-130,4591,SIDM00903,move_diabetes_imputed
596,0.34733851513881814,3.5922585475667476e-130,4586,SIDM01000,vae_imputed
879,0.34807663015677937,5.391660477610377e-130,4559,SIDM00778,mean
853,0.34711855454985074,5.7077585226352985e-130,4585,SIDM00368,move_diabetes_imputed
1433,0.34963844987902426,6.002508172397543e-130,4514,SIDM00373,move_diabetes_imputed
754,0.34654127855049816,1.2556528484977616e-129,4589,SIDM00541,mean
50,0.4269136964139657,1.3650940082276242e-129,2918,SIDM00965,original
424,0.3467813067203399,2.1291682192325796e-129,4574,SIDM00609,mean
773,0.34885705267657086,3.854225534113004e-129,4507,SIDM00531,move_diabetes_imputed
231,0.3468511709177293,4.610787690059303e-129,4560,SIDM01079,vae_imputed
528,0.3461988028689475,1.4898760986161255e-128,4560,SIDM01087,move_diabetes_imputed
327,0.3452735775100028,1.813052792838414e-128,4583,SIDM00872,mofa_imputed
255,0.41883741271511277,2.413005913548886e-128,3014,SIDM00689,original
164,0.3443028663722022,2.421326038007431e-128,4606,SIDM00789,mean
715,0.39364445494680633,3.552821797356668e-128,3448,SIDM00921,original
857,0.34494671778760644,5.42045197570993e-128,4575,SIDM00608,mofa_imputed
856,0.3448160280335536,6.851714787766313e-128,4575,SIDM00608,vae_imputed
532,0.34487500060571863,9.60938410894263e-128,4568,SIDM00685,mofa_imputed
92,0.3436672529491308,2.359398738352346e-127,4588,SIDM01125,mofa_imputed
454,0.3436043760381874,3.61675912945015e-127,4583,SIDM00321,mean
769,0.3427929675993421,1.3581678893918103e-126,4585,SIDM00680,mean
1343,0.3453810520713366,2.276494847325755e-126,4504,SIDM00950,move_diabetes_imputed
319,0.3428089118501307,2.319289056551603e-126,4576,SIDM01163,mean
502,0.3421738897011306,3.392790048582041e-126,4588,SIDM00087,mofa_imputed
335,0.3879599246431546,5.523127057610651e-126,3497,SIDM00756,original
21,0.34419066274647403,1.859925926891958e-125,4504,SIDM01194,vae_imputed
500,0.4201274233368941,2.3244861803790564e-125,2923,SIDM00087,original
85,0.4318064150597047,2.8463666418131725e-125,2749,SIDM00092,original
1002,0.3408515877569678,3.551301041304721e-125,4588,SIDM00833,mofa_imputed
1016,0.3402767855633685,1.2567002845679042e-124,4584,SIDM00494,vae_imputed
399,0.33997817222332316,5.697337363101838e-124,4568,SIDM00371,mean
1079,0.3396074370967249,3.0066027585760006e-122,4514,SIDM01055,mean
186,0.3398431224126629,3.0710776062195236e-122,4507,SIDM01182,vae_imputed
55,0.40434079453957017,4.463536687078476e-122,3095,SIDM00348,original
105,0.48060882433704505,4.738882293434042e-122,2104,SIDM00485,original
1244,0.3368604205811428,5.697980743627222e-122,4582,SIDM00798,mean
1189,0.3367220004923873,6.428836272538042e-122,4584,SIDM00136,mean
179,0.33670555189536666,7.463394376838119e-122,4582,SIDM00088,mean
234,0.33727935293320316,1.0381696986680445e-121,4560,SIDM01079,mean
1376,0.33660752912710235,3.331309949795611e-121,4560,SIDM01066,vae_imputed
1394,0.3361702938496578,1.0186042950284007e-120,4554,SIDM00926,mean
976,0.3356577813311278,1.8292752200434324e-120,4559,SIDM00728,vae_imputed
417,0.3350307486259428,1.8439223810739012e-120,4577,SIDM01072,mofa_imputed
1274,0.3364421035745606,2.865683983541286e-120,4529,SIDM01067,mean
28,0.33690027381287374,3.030587626801736e-120,4515,SIDM00616,move_diabetes_imputed
739,0.33583815349159696,1.9883365664500878e-119,4514,SIDM01108,mean
84,0.33317348046817363,2.664340982768081e-119,4586,SIDM00349,mean
131,0.3335203500154835,4.778052425108863e-119,4566,SIDM00937,vae_imputed
534,0.33344204555458734,4.856298204554784e-119,4568,SIDM00685,mean
650,0.3951315653858545,9.929707530532623e-119,3164,SIDM00718,original
278,0.33248150583979097,1.244557561852717e-118,4580,SIDM00301,move_diabetes_imputed
760,0.3966736718820776,2.0165211253839153e-118,3129,SIDM00748,original
15,0.4287804147129853,2.279527931283243e-118,2636,SIDM00687,original
1069,0.3345236027755359,2.841768564978916e-118,4507,SIDM01062,mean
1017,0.33161667464087263,4.329701901663342e-118,4584,SIDM00494,mofa_imputed
464,0.33183782457837047,4.733464137843433e-118,4576,SIDM00581,mean
999,0.33128099247412146,5.1120009299234125e-118,4591,SIDM00749,mean
1347,0.33227189716621774,6.10210996656656e-118,4559,SIDM00850,mofa_imputed
647,0.33173238374452496,1.1422752467457031e-117,4564,SIDM00925,mofa_imputed
104,0.331483328049777,1.5534396408424543e-117,4566,SIDM00339,mean
1231,0.33126353268061504,2.258165874878503e-117,4566,SIDM00942,vae_imputed
1009,0.3308493649447277,1.458632215561073e-116,4546,SIDM00547,mean
334,0.3297461132666047,2.3525100747477084e-116,4570,SIDM00702,mean
1317,0.3290930524545195,1.3349172340578329e-115,4559,SIDM00138,mofa_imputed
646,0.32858494619592016,2.3583289365992544e-115,4564,SIDM00925,vae_imputed
244,0.32859204923622076,3.102437552193245e-115,4559,SIDM00866,mean
99,0.32842308136369297,4.121620033488416e-115,4559,SIDM00729,mean
1310,0.3837779021485438,4.283087793765974e-115,3266,SIDM01110,original
232,0.327371628310839,2.2715141705318597e-114,4560,SIDM01079,mofa_imputed
772,0.32848604262889003,7.259026304197764e-114,4507,SIDM00531,mofa_imputed
132,0.3263763713669433,8.54322310564591e-114,4566,SIDM00937,mofa_imputed
504,0.32540384044977017,1.2590452133574948e-113,4588,SIDM00087,mean
815,0.42766046051458384,1.214554071229092e-112,2521,SIDM00582,original
749,0.32489234874396566,1.4961036335389046e-112,4559,SIDM00831,mean
563,0.32369174831277636,1.5660792524199078e-112,4594,SIDM00847,move_diabetes_imputed
416,0.324203162832851,1.7208731859641002e-112,4577,SIDM01072,vae_imputed
54,0.32575405960925,1.8245079519629137e-112,4530,SIDM00965,mean
1026,0.3234671126874309,2.2752333622058133e-112,4594,SIDM00419,vae_imputed
1232,0.3241968335611429,3.206887292034288e-112,4566,SIDM00942,mofa_imputed
269,0.32214898943458237,2.6623836814666355e-111,4589,SIDM00290,mean
645,0.3727346570042368,4.5500622242978304e-111,3355,SIDM00925,original
187,0.32425651823261525,7.748427725054452e-111,4507,SIDM01182,mofa_imputed
638,0.3213475317913227,1.463434206871585e-110,4582,SIDM00402,move_diabetes_imputed
1124,0.3236277633344504,1.4681430083183e-110,4514,SIDM01199,mean
1015,0.3870376064049468,1.4938254550221773e-110,3078,SIDM00494,original
1345,0.40979730953321614,1.6825056719956538e-110,2716,SIDM00850,original
1222,0.32147510200155627,4.1701622371932136e-110,4559,SIDM01146,mofa_imputed
1059,0.3208424010507474,4.65131122367084e-110,4576,SIDM00486,mean
1280,0.3874202429462862,7.261709276170135e-110,3052,SIDM01040,original
714,0.32199893703713933,9.15994606683651e-110,4529,SIDM01130,mean
1221,0.32058681878418205,1.7805913576928785e-109,4559,SIDM01146,vae_imputed
59,0.32063500371021675,2.1599562356376804e-109,4554,SIDM00348,mean
369,0.3217195692605559,4.813918616014041e-109,4507,SIDM00333,mean
90,0.3594035979884783,5.503602009464843e-109,3559,SIDM01125,original
538,0.319588244296656,1.0082856710152879e-108,4557,SIDM00797,move_diabetes_imputed
819,0.31798971987590186,2.8522680915675772e-108,4586,SIDM00582,mean
1082,0.3197440364575387,3.366975751041549e-108,4530,SIDM00552,mofa_imputed
973,0.3183409617781665,3.409364791175095e-108,4572,SIDM00740,move_diabetes_imputed
1094,0.3194005691637811,5.86276298892531e-108,4530,SIDM01101,mean
979,0.3183770844020441,6.4498139868894536e-108,4559,SIDM00728,mean
728,0.317997476197621,6.62016695972676e-108,4570,SIDM00645,move_diabetes_imputed
617,0.3180691040225718,2.125644579656692e-107,4546,SIDM00144,mofa_imputed
690,0.36772712409317565,1.226152721752956e-106,3314,SIDM00120,original
489,0.31504536544221606,2.1833771296581496e-106,4594,SIDM00791,mean
371,0.3154051892696951,4.091575420770411e-106,4571,SIDM00771,vae_imputed
236,0.3154667472303523,6.605879255092826e-106,4560,SIDM01002,vae_imputed
1027,0.31430456158006886,7.180112926985617e-106,4594,SIDM00419,mofa_imputed
314,0.31506626725149417,9.151580551074914e-106,4566,SIDM00533,mean
1204,0.3144279792857019,2.81624753509316e-105,4564,SIDM00812,mean
1314,0.31399770006841354,3.3235112896519092e-105,4574,SIDM01110,mean
490,0.38222509385053755,3.300396470818075e-104,2978,SIDM00755,original
674,0.31140698441005366,8.52599418523363e-104,4591,SIDM00879,mean
169,0.3111403662394663,2.0590883903626363e-103,4582,SIDM00594,mean
1377,0.31174655053297207,2.434644746496009e-103,4560,SIDM01066,mofa_imputed
239,0.31022562945549637,2.661195665773306e-102,4560,SIDM01002,mean
616,0.3105702294496652,3.1571821358544517e-102,4546,SIDM00144,vae_imputed
796,0.30885272875833863,6.1678413025867735e-102,4586,SIDM00941,vae_imputed
498,0.30846601536882,2.397257409114793e-101,4571,SIDM00711,move_diabetes_imputed
1257,0.3078543898084425,3.093485937667749e-101,4585,SIDM00146,mofa_imputed
1052,0.3075455264387633,5.26559152457417e-101,4584,SIDM00534,mofa_imputed
1220,0.36086814352287155,5.740558340561706e-101,3264,SIDM01146,original
237,0.30794134970936227,9.407975481326014e-101,4560,SIDM01002,mofa_imputed
250,0.3659720141413496,2.616912864868607e-100,3146,SIDM00392,original
1256,0.30601540792927634,5.411885779121635e-100,4585,SIDM00146,vae_imputed
975,0.3663444533105354,9.015924106733043e-100,3122,SIDM00728,original
195,0.3559798374655875,6.556222661459553e-99,3291,SIDM00716,original
595,0.34879749307032515,8.24217279938729e-99,3434,SIDM01000,original
691,0.30426892273702544,1.1873939007706625e-98,4577,SIDM00120,vae_imputed
320,0.36468393267920995,1.5336492063601934e-98,3113,SIDM00973,original
235,0.4210638434219445,3.0607933837134716e-98,2270,SIDM01002,original
230,0.36480103115432183,4.13340419667128e-98,3097,SIDM01079,original
771,0.305675530624919,4.239147354226792e-98,4507,SIDM00531,vae_imputed
225,0.3588739606828748,4.361076643675142e-98,3207,SIDM00860,original
1000,0.3470424185358749,1.2398016299501564e-97,3429,SIDM00833,original
254,0.3033244720740404,2.2655155916987893e-97,4546,SIDM00392,mean
692,0.30231427130437627,2.3691832905630096e-97,4577,SIDM00120,mofa_imputed
259,0.30356376001506014,3.417081879154668e-97,4530,SIDM00689,mean
1346,0.30183121482422115,1.170959797367416e-96,4559,SIDM00850,vae_imputed
636,0.3010702056467256,1.239894694165825e-96,4582,SIDM00402,vae_imputed
372,0.30015319733292445,8.385377635786298e-96,4571,SIDM00771,mofa_imputed
14,0.3000237060941721,1.1749986774547232e-95,4568,SIDM00360,mean
415,0.35773382260328357,3.1534970126706345e-95,3133,SIDM01072,original
174,0.29966505637463825,3.389504915146149e-95,4557,SIDM00795,mean
513,0.29876274260739455,3.881030128934626e-95,4583,SIDM00148,move_diabetes_imputed
7,0.29848779096836586,8.144536862844158e-95,4576,SIDM01156,mofa_imputed
950,0.351999914019991,9.853812146462499e-95,3226,SIDM00369,original
6,0.2980021858994626,1.6879415443471296e-94,4576,SIDM01156,vae_imputed
649,0.29759995715167376,5.385917253660622e-94,4564,SIDM00925,mean
1004,0.2967221994887238,6.575414637289843e-94,4588,SIDM00833,mean
954,0.2967575221167664,7.857892798799173e-94,4583,SIDM00369,mean
668,0.2959637707536083,3.541629823091409e-93,4576,SIDM01191,move_diabetes_imputed
1051,0.29558514160362953,4.308692266553999e-93,4584,SIDM00534,vae_imputed
526,0.2958244213240632,9.080581619169557e-93,4560,SIDM01087,vae_imputed
797,0.29473664348165063,1.386610021294348e-92,4586,SIDM00941,mofa_imputed
414,0.2949312118136109,1.5662689829452725e-92,4577,SIDM00856,mean
809,0.29478831769994956,2.0255861911545e-92,4576,SIDM00618,mean
546,0.29514719460222705,2.472414867550508e-92,4560,SIDM00933,vae_imputed
379,0.2933630785912973,1.2103887640705135e-91,4583,SIDM00742,mean
19,0.2934545299547478,2.4934980815351527e-91,4564,SIDM00687,mean
951,0.2919760392284073,9.295199623804228e-91,4583,SIDM00369,vae_imputed
1081,0.29346852183753175,1.1334906557813191e-90,4530,SIDM00552,vae_imputed
1368,0.2920242001659445,2.53085722859572e-90,4559,SIDM00743,move_diabetes_imputed
1019,0.2907374968835201,5.4374588927099905e-90,4584,SIDM00494,mean
1278,0.290869430864874,6.3935631967867725e-90,4576,SIDM00306,move_diabetes_imputed
1154,0.29128909289109817,7.381058149463987e-90,4559,SIDM00654,mean
304,0.2906089219251482,9.342804720099049e-90,4576,SIDM00277,mean
370,0.33742718784784415,2.4515823951427416e-89,3325,SIDM00771,original
1230,0.33062847453360533,3.83896482472152e-89,3464,SIDM00942,original
547,0.29007907940246636,4.084473126356742e-89,4560,SIDM00933,mofa_imputed
1080,0.34074680569088933,6.812790404606369e-89,3240,SIDM00552,original
1379,0.28971932675594214,6.871662410888924e-89,4560,SIDM01066,mean
229,0.28896135851771443,8.558002792850871e-89,4580,SIDM00860,mean
353,0.28880177946876756,1.2836499363571906e-88,4576,SIDM00545,move_diabetes_imputed
1367,0.28919020679996277,1.5408592717981953e-88,4559,SIDM00743,mofa_imputed
694,0.28809708243764776,3.3968174595231934e-88,4577,SIDM00120,mean
185,0.3291871247990158,4.875186672595471e-88,3452,SIDM01182,original
1362,0.2870115212314551,1.1458266184404471e-87,4585,SIDM00437,mofa_imputed
1214,0.28685919235683394,2.0123425984764924e-87,4577,SIDM01005,mean
1366,0.2858952763694789,1.724925424429793e-86,4559,SIDM00743,vae_imputed
527,0.2856587577962408,2.3134577172497868e-86,4560,SIDM01087,mofa_imputed
855,0.335811543230071,2.4352816612670784e-86,3244,SIDM00608,original
637,0.28436869212742716,5.682493317169144e-86,4582,SIDM00402,mofa_imputed
719,0.2841430612235558,8.517721603899484e-86,4580,SIDM00921,mean
1046,0.28369588373214244,1.2472644666804352e-85,4586,SIDM00493,vae_imputed
572,0.2830822212972742,3.101149251986402e-85,4585,SIDM00759,mofa_imputed
635,0.32689444505862775,4.001322142253008e-85,3385,SIDM00402,original
130,0.35286343776007645,4.634997450161094e-85,2875,SIDM00937,original
583,0.2823920327447305,6.399861833063699e-85,4591,SIDM01193,move_diabetes_imputed
1084,0.2838065454472616,1.1262157325571646e-84,4530,SIDM00552,mean
1414,0.2824775248585192,1.3612617604381281e-84,4570,SIDM00715,mean
571,0.2817588395908604,2.0041318071933537e-84,4585,SIDM00759,vae_imputed
615,0.3307181000078937,3.364906067777635e-84,3266,SIDM00144,original
74,0.2836498335127776,4.185633232013125e-84,4504,SIDM00640,mean
375,0.32660141750891847,1.3656159148297144e-83,3329,SIDM00742,original
1375,0.31874219691146377,7.135401117377728e-83,3474,SIDM01066,original
1395,0.32808559369756407,2.641581261945227e-81,3205,SIDM00449,original
639,0.27590861712637965,7.6424103879482935e-81,4582,SIDM00402,mean
20,0.3285637011209029,1.2498007070510208e-80,3168,SIDM01194,original
1363,0.2752169257623307,1.750414297674438e-80,4585,SIDM00437,move_diabetes_imputed
376,0.27517656744240604,2.001765798212948e-80,4583,SIDM00742,vae_imputed
1354,0.27493999318658713,2.0179910561720497e-80,4591,SIDM01188,mean
1255,0.3086983210997011,2.997839318882518e-80,3596,SIDM00146,original
199,0.2746272232321739,3.095170756966691e-80,4591,SIDM00716,mean
1365,0.3216954889616748,4.105086250527973e-80,3291,SIDM00743,original
377,0.2745723995536363,4.568395233506759e-80,4583,SIDM00742,mofa_imputed
1047,0.27410742201406124,7.654406860942347e-80,4586,SIDM00493,mofa_imputed
94,0.27390485349419,9.326882230943187e-80,4588,SIDM01125,mean
1341,0.2762004366084954,1.1404571739490168e-79,4504,SIDM00950,vae_imputed
862,0.27267290166582425,4.424765651733428e-79,4591,SIDM00903,mofa_imputed
861,0.2724267206573239,6.176361110825732e-79,4591,SIDM00903,vae_imputed
324,0.27257105039351553,1.145147840426909e-78,4570,SIDM00973,mean
1423,0.272294913843102,1.7949748768503154e-78,4568,SIDM00997,move_diabetes_imputed
619,0.27277548424893644,2.2037461546007705e-78,4546,SIDM00144,mean
952,0.27144161614370493,3.17796446912467e-78,4583,SIDM00369,mofa_imputed
994,0.27091628432366494,6.691209027316017e-78,4582,SIDM00132,mean
1054,0.2702224313875694,1.5721820860650238e-77,4584,SIDM00534,mean
16,0.270520950044484,2.2581237846199893e-77,4564,SIDM00687,vae_imputed
1374,0.2705571164664739,2.506064075464467e-77,4560,SIDM01085,mean
654,0.2696161957958796,2.9275664211491632e-77,4589,SIDM00718,mean
729,0.2701112187594636,3.1056285380541105e-77,4570,SIDM00645,mean
1284,0.26978892970889,7.242053734198315e-77,4559,SIDM01040,mean
1050,0.32185232825430526,7.769687417971408e-77,3150,SIDM00534,original
17,0.26942550529083864,9.716284274108624e-77,4564,SIDM00687,mofa_imputed
519,0.26997413341894483,3.006355032753174e-76,4515,SIDM00498,mean
494,0.26736414642692974,1.789841148866682e-75,4559,SIDM00755,mean
276,0.2662802066658528,3.423483678930321e-75,4580,SIDM00301,vae_imputed
1342,0.26793757250122097,6.562403477756211e-75,4504,SIDM00950,mofa_imputed
1431,0.2674853123968245,8.14912102070698e-75,4514,SIDM00373,vae_imputed
1234,0.2640891920252077,1.0024198341991556e-73,4566,SIDM00942,mean
545,0.291238746995324,1.6865740470649533e-73,3713,SIDM00933,original
277,0.26319623316110624,1.9279748830493585e-73,4580,SIDM00301,mofa_imputed
867,0.2631915675079791,2.1609164870298088e-73,4577,SIDM00602,mofa_imputed
512,0.261693991303373,1.2107668524411866e-72,4583,SIDM00148,mofa_imputed
419,0.26136608914783327,2.2867147284635467e-72,4577,SIDM01072,mean
374,0.2601480323258914,1.3487270746239437e-71,4571,SIDM00771,mean
1404,0.25939699675316547,1.749271385582824e-71,4591,SIDM01031,mean
1043,0.2594255161228134,2.309880778753042e-71,4582,SIDM00084,move_diabetes_imputed
89,0.2597756266640741,2.4111492685045065e-71,4568,SIDM00092,mean
348,0.25923133426804207,4.499199136510232e-71,4570,SIDM00874,move_diabetes_imputed
1349,0.25916450934763824,7.1891972771363785e-71,4559,SIDM00850,mean
561,0.2581756123830734,7.498373288150454e-71,4594,SIDM00847,vae_imputed
570,0.30089553401645963,3.104290389901514e-70,3310,SIDM00759,original
866,0.2572493783002341,4.364908255100797e-70,4577,SIDM00602,vae_imputed
138,0.25750786013577853,5.848010880129286e-70,4559,SIDM00826,move_diabetes_imputed
209,0.25721414067179427,8.466712516807756e-70,4559,SIDM00560,mean
1434,0.2579377274838641,1.6081872085622957e-69,4514,SIDM00373,mean
339,0.2562240863591847,1.8861606376943108e-69,4572,SIDM00756,mean
725,0.3004068527918097,1.9098473730474948e-69,3283,SIDM00645,original
1399,0.25756807947689875,2.5523617570635026e-69,4514,SIDM00449,mean
1224,0.255810263886043,4.931315690358052e-69,4559,SIDM01146,mean
851,0.2545120115224298,1.0401248225733877e-68,4585,SIDM00368,vae_imputed
726,0.2545711568804816,1.5991547274739905e-68,4570,SIDM00645,vae_imputed
850,0.29719756065617164,2.4159891797630684e-68,3303,SIDM00368,original
932,0.25485105674989655,2.5309337846867946e-68,4546,SIDM01026,mofa_imputed
727,0.2533428156289973,7.370509892777621e-68,4570,SIDM00645,mofa_imputed
134,0.25339199842647664,7.921845296064637e-68,4566,SIDM00937,mean
1432,0.25462668669815386,9.808266444284149e-68,4514,SIDM00373,mofa_imputed
484,0.25254320477193204,9.908838892119313e-68,4591,SIDM00194,mean
852,0.25196972041032073,2.458409701917242e-67,4585,SIDM00368,mofa_imputed
1430,0.3172647493200452,5.394039669227784e-67,2821,SIDM00373,original
1167,0.2512764091031061,9.151164314796264e-67,4571,SIDM00210,mofa_imputed
859,0.25106209878761815,1.0449793181073808e-66,4575,SIDM00608,mean
444,0.2504136306312035,1.620326965250704e-66,4586,SIDM01033,mean
5,0.28666208556669254,4.0091635085361714e-66,3443,SIDM01156,original
529,0.2492555680528643,1.5463148507671884e-65,4560,SIDM01087,mean
511,0.24848791540800222,1.880946580417281e-65,4583,SIDM00148,vae_imputed
764,0.2480828730198228,4.512176711818747e-65,4571,SIDM00748,mean
599,0.24687388612707417,1.2116932962084256e-64,4586,SIDM01000,mean
1369,0.2475570699791277,1.2478003246452235e-64,4559,SIDM00743,mean
931,0.24729847259340107,2.5718399488180332e-64,4546,SIDM01026,vae_imputed
189,0.2464025183246011,2.5638423246381593e-63,4507,SIDM01182,mean
562,0.24411247183639076,2.61380369698144e-63,4594,SIDM00847,mofa_imputed
795,0.298851542532657,8.397619997953439e-63,2993,SIDM00941,original
1421,0.2431274593988036,1.875001474533736e-62,4568,SIDM00997,vae_imputed
1268,0.24369433827257692,1.8821899106655257e-62,4546,SIDM01165,move_diabetes_imputed
139,0.24302143667495618,2.7983289544575448e-62,4559,SIDM00826,mean
1364,0.2419699586179186,4.396030686323328e-62,4585,SIDM00437,mean
1025,0.2986443203457982,8.896874646878306e-62,2947,SIDM00419,original
1011,0.23995473748888646,4.569089991984869e-61,4586,SIDM00334,vae_imputed
1045,0.3078307993683671,5.7998891812867586e-61,2728,SIDM00493,original
1166,0.2391251027181771,1.877299254942918e-60,4571,SIDM00210,vae_imputed
549,0.23758041548233352,1.5495613660286385e-59,4560,SIDM00933,mean
564,0.2365081557935704,1.9891784509974034e-59,4594,SIDM00847,mean
354,0.23616881345350582,4.9415744241414335e-59,4576,SIDM00545,mean
1424,0.2362633330417496,5.583144399600624e-59,4568,SIDM00997,mean
860,0.2814454245256492,7.513059304346481e-59,3173,SIDM00903,original
581,0.2316046626004656,5.824421578159113e-57,4591,SIDM01193,vae_imputed
64,0.23327191926715524,9.338465746856349e-57,4507,SIDM00615,mean
1266,0.2320915553292484,1.1743134744426344e-56,4546,SIDM01165,vae_imputed
525,0.29315682009120353,1.699346189122781e-56,2794,SIDM01087,original
1259,0.23078861129439632,1.7203353831749713e-56,4585,SIDM00146,mean
1422,0.23047463116524392,3.896862378438734e-56,4568,SIDM00997,mofa_imputed
560,0.2708166490388306,1.127471038709904e-54,3186,SIDM00847,original
582,0.22553426405520915,4.9479774745223777e-54,4591,SIDM01193,mofa_imputed
135,0.2875474720307517,6.446111108906585e-54,2772,SIDM00826,original
1012,0.22502416953275176,9.847371901678053e-54,4586,SIDM00334,mofa_imputed
109,0.22453675169808915,2.4727827972864194e-53,4571,SIDM00485,mean
496,0.22378433897073374,5.584840240398761e-53,4571,SIDM00711,vae_imputed
136,0.22288893104877722,1.9940130894152838e-52,4559,SIDM00826,vae_imputed
1049,0.222153186990411,2.2081942235374292e-52,4586,SIDM00493,mean
865,0.2547239275066301,6.373329195280007e-52,3429,SIDM00602,original
349,0.22005712812211567,3.1002052964144004e-51,4570,SIDM00874,mean
275,0.24793589292737236,7.111367031550124e-51,3550,SIDM00301,original
770,0.27950990350669036,2.34665056077466e-50,2740,SIDM00531,original
584,0.21754248008455582,2.6344069193625374e-50,4591,SIDM01193,mean
1420,0.2573649298013515,4.811248654532806e-50,3231,SIDM00997,original
854,0.21680594493114463,6.60269744202216e-50,4585,SIDM00368,mean
869,0.21685770152974573,7.589862668375451e-50,4577,SIDM00602,mean
346,0.21654855034619064,1.241226967524267e-49,4570,SIDM00874,vae_imputed
495,0.252290310075011,3.466195041258656e-49,3307,SIDM00711,original
1267,0.21597709063938997,4.002005170877677e-49,4546,SIDM01165,mofa_imputed
137,0.2154959086437573,4.822236400568156e-49,4559,SIDM00826,mofa_imputed
574,0.21484612485938506,5.089199458323404e-49,4585,SIDM00759,mean
1340,0.2410246115541695,9.851187457944988e-49,3599,SIDM00950,original
497,0.21450459275604108,1.0096574635751247e-48,4571,SIDM00711,mofa_imputed
799,0.21376177987204906,1.525489750291915e-48,4586,SIDM00941,mean
919,0.2138437980855598,2.3513045309212196e-48,4564,SIDM00554,mean
499,0.21329578402036573,3.501651043293394e-48,4571,SIDM00711,mean
1360,0.37266113561125097,4.457165831983824e-48,1422,SIDM00437,original
26,0.21431095473424155,4.627130095155244e-48,4515,SIDM00616,vae_imputed
537,0.21150674260599156,3.00147575400758e-47,4557,SIDM00797,mofa_imputed
536,0.21101282103348493,4.947677615939515e-47,4557,SIDM00797,vae_imputed
78,0.21094233936806706,4.960645667488e-47,4560,SIDM00355,move_diabetes_imputed
118,0.21068602760750857,5.116022048137097e-47,4570,SIDM00734,move_diabetes_imputed
580,0.2686789713216924,1.8612348575296333e-46,2736,SIDM01193,original
1276,0.20923559472697867,1.9288972323204267e-46,4576,SIDM00306,vae_imputed
1279,0.20507222549417897,1.213436790916927e-44,4576,SIDM00306,mean
667,0.204633040855497,1.8684673214929359e-44,4576,SIDM01191,mofa_imputed
27,0.20453627455106682,7.615368660705946e-44,4515,SIDM00616,mofa_imputed
864,0.20247139368842035,1.1242053971874775e-43,4591,SIDM00903,mean
1029,0.20190597003715885,1.8295607632279356e-43,4594,SIDM00419,mean
514,0.20042489042268807,9.620489303365283e-43,4583,SIDM00148,mean
1165,0.241359443186413,2.1335912123092893e-42,3105,SIDM00210,original
1010,0.22361233278431863,1.2212604812862062e-41,3565,SIDM00334,original
930,0.22594351340391833,1.2859065930174574e-41,3488,SIDM01026,original
345,0.2465983027545223,4.631302212224348e-41,2873,SIDM00874,original
510,0.2463251429788123,1.7684159871213627e-40,2837,SIDM00148,original
24,0.19643833553102857,2.036892668729314e-40,4504,SIDM01194,mean
554,0.19488113647584537,2.1453908467573436e-40,4575,SIDM01141,mean
666,0.19483458861473968,2.1972687029206106e-40,4576,SIDM01191,vae_imputed
1275,0.2308906515181032,3.2529442524893714e-40,3219,SIDM00306,original
1041,0.1939006157695588,4.661271479992522e-40,4582,SIDM00084,vae_imputed
1288,0.19281720719149428,1.1327495144609442e-39,4588,SIDM00475,move_diabetes_imputed
1042,0.1899240622484924,1.7922909610546725e-38,4582,SIDM00084,mofa_imputed
1138,0.18875312486789206,4.894064764479471e-38,4585,SIDM00678,move_diabetes_imputed
972,0.1851751962414911,1.5019853693884495e-36,4572,SIDM00740,mofa_imputed
350,0.23002643560772887,3.7339146699955725e-36,2902,SIDM00545,original
1277,0.18304950627238045,9.033068710340801e-36,4576,SIDM00306,mofa_imputed
25,0.21712345161596103,1.078891784472505e-35,3223,SIDM00616,original
971,0.18104688095448385,5.479304422487894e-35,4572,SIDM00740,vae_imputed
9,0.18096336121371237,5.505991874791491e-35,4576,SIDM01156,mean
665,0.22501525273230708,8.64935760324884e-35,2916,SIDM01191,original
119,0.17941204948395795,2.297943874233455e-34,4570,SIDM00734,mean
1344,0.1790904032111692,8.9249270456146e-34,4504,SIDM00950,mean
279,0.176299060752763,2.7169209648810954e-33,4580,SIDM00301,mean
351,0.17571887109928314,4.7037226023767385e-33,4576,SIDM00545,vae_imputed
116,0.17552905167291202,6.057447458367569e-33,4570,SIDM00734,vae_imputed
1265,0.22904289412299322,1.4869435564965403e-32,2622,SIDM01165,original
117,0.17398073387656138,2.186645133687254e-32,4570,SIDM00734,mofa_imputed
115,0.19845548861229062,4.570896421894512e-32,3460,SIDM00734,original
669,0.1701756556377264,4.459543551263372e-31,4576,SIDM01191,mean
77,0.16831102991926541,2.511679838230069e-30,4560,SIDM00355,mofa_imputed
970,0.20596570323814994,2.9846453062615355e-30,3016,SIDM00740,original
1286,0.1657833658547376,1.2459577895058023e-29,4588,SIDM00475,vae_imputed
79,0.16574076880589766,1.9087169681234116e-29,4560,SIDM00355,mean
76,0.16429499879803078,5.88811730498458e-29,4560,SIDM00355,vae_imputed
29,0.1648044029496093,7.401201829833073e-29,4515,SIDM00616,mean
974,0.16377791405916037,7.455196187068378e-29,4572,SIDM00740,mean
535,0.18335961747317886,5.177765758124998e-28,3523,SIDM00797,original
347,0.1608549651194357,7.2236164696900485e-28,4570,SIDM00874,mofa_imputed
1287,0.15624677810635756,1.8221168301902955e-26,4588,SIDM00475,mofa_imputed
1269,0.15091438395600226,1.438690550347339e-24,4546,SIDM01165,mean
352,0.1490310838992674,3.853083794321173e-24,4576,SIDM00545,mofa_imputed
1040,0.16960268355401115,1.0042117468112715e-23,3457,SIDM00084,original
75,0.1791864464178673,1.0559977846084244e-23,3089,SIDM00355,original
1136,0.14326305634257008,1.874049442353894e-22,4585,SIDM00678,vae_imputed
1285,0.16996401120779386,6.798149683747251e-21,3002,SIDM00475,original
1135,0.17811247577945882,7.602163602124488e-21,2723,SIDM00678,original
934,0.1374385595580085,1.298752310570203e-20,4546,SIDM01026,mean
539,0.13619494148048764,2.5961557854359046e-20,4557,SIDM00797,mean
1169,0.13471017095291532,5.860627449283971e-20,4571,SIDM00210,mean
1137,0.13216042515899043,2.565550503988358e-19,4585,SIDM00678,mofa_imputed
203,0.12739867924860943,5.880333501891342e-18,4559,SIDM00529,move_diabetes_imputed
1044,0.12269698188530176,7.772211082672162e-17,4582,SIDM00084,mean
774,0.11966402780779342,7.610962291861638e-16,4507,SIDM00531,mean
1289,0.11838499314059706,8.631584331066706e-16,4588,SIDM00475,mean
65,0.15995566140186596,3.696460285310204e-15,2389,SIDM00750,original
1139,0.11131549714082238,4.064573342776889e-14,4585,SIDM00678,mean
1418,0.10968199163065909,1.006916997791378e-13,4576,SIDM00305,move_diabetes_imputed
202,0.104831644510812,1.285228379618426e-12,4559,SIDM00529,mofa_imputed
201,0.10452134364921858,1.4969790191161088e-12,4559,SIDM00529,vae_imputed
69,0.10207641109884755,4.77237597832686e-12,4564,SIDM00750,mean
1014,0.10141404568964849,5.834173551710389e-12,4586,SIDM00334,mean
68,0.10027582241060536,1.1241757871208076e-11,4564,SIDM00750,move_diabetes_imputed
66,0.09706966524747157,4.981111010445793e-11,4564,SIDM00750,vae_imputed
67,0.08986686446281754,1.1882909301812829e-09,4564,SIDM00750,mofa_imputed
1416,0.08036079363562787,5.226803985711463e-08,4576,SIDM00305,vae_imputed
1417,0.07244503512716023,9.307827743810896e-07,4576,SIDM00305,mofa_imputed
912,0.07005425668324831,2.1947736005113865e-06,4559,SIDM00354,mofa_imputed
204,0.06027648648471829,4.651568408538985e-05,4559,SIDM00529,mean
200,0.07097430053865941,6.398192500320254e-05,3167,SIDM00529,original
783,0.05401229640933031,0.000263680048762443,4559,SIDM01122,move_diabetes_imputed
1419,0.051084381665416206,0.0005462772339223607,4576,SIDM00305,mean
1415,0.06098787928929365,0.0009210025790673221,2949,SIDM00305,original
740,-0.05194369287754685,0.0021945202238432666,3474,SIDM00848,original
743,0.04514341841931682,0.0022318811779443665,4585,SIDM00848,move_diabetes_imputed
742,-0.0335745023968177,0.022999748874860275,4585,SIDM00848,mofa_imputed
782,-0.03362517832303677,0.02318309446673782,4559,SIDM01122,mofa_imputed
910,0.03389046382844136,0.05319284868481644,3255,SIDM00354,original
913,0.026754277603995198,0.07087358501438673,4559,SIDM00354,move_diabetes_imputed
914,0.02310260012022971,0.11883636182100928,4559,SIDM00354,mean
911,0.02194948685691243,0.1383909855968158,4559,SIDM00354,vae_imputed
744,-0.020902526500734434,0.15702930433646234,4585,SIDM00848,mean
741,-0.01017341797359283,0.49101279404524706,4585,SIDM00848,vae_imputed
784,0.009185022498811026,0.5352452075195375,4559,SIDM01122,mean
780,0.005789681900187143,0.7664215584796586,2635,SIDM01122,original
781,-0.0032571660883403504,0.8259760410001248,4559,SIDM01122,vae_imputed
