,corr,pval,len,sample,impute
267,0.5836921441763812,0.0,4583,SIDM01059,mofa_imputed
813,0.6489832475187767,0.0,4584,SIDM00920,move_diabetes_imputed
812,0.555559703726288,0.0,4584,SIDM00920,mofa_imputed
810,0.603600443502245,0.0,3482,SIDM00920,original
323,0.620629638338245,0.0,4613,SIDM00940,move_diabetes_imputed
928,0.5764092737098476,0.0,4585,SIDM00046,move_diabetes_imputed
925,0.6349554513623169,0.0,3153,SIDM00046,original
918,0.6107481061576112,0.0,4577,SIDM00856,move_diabetes_imputed
917,0.5260552817197132,0.0,4577,SIDM00856,mofa_imputed
278,0.5356478215010536,0.0,4568,SIDM00371,move_diabetes_imputed
268,0.6332866862357532,0.0,4583,SIDM01059,move_diabetes_imputed
1433,0.5837638634764144,0.0,4515,SIDM00996,move_diabetes_imputed
266,0.5900476616849848,0.0,4583,SIDM01059,vae_imputed
265,0.6359510826662338,0.0,3337,SIDM01059,original
1441,0.5265569245735332,0.0,4586,SIDM00461,vae_imputed
883,0.6294740675950673,0.0,4554,SIDM00107,move_diabetes_imputed
882,0.5564830036646777,0.0,4554,SIDM00107,mofa_imputed
880,0.5762639034646588,0.0,3810,SIDM00107,original
878,0.5581427122775589,0.0,4557,SIDM00586,move_diabetes_imputed
283,0.5503580688361592,0.0,4572,SIDM00151,move_diabetes_imputed
841,0.5290928065942366,0.0,4594,SIDM00572,vae_imputed
296,0.5944105134578345,0.0,4576,SIDM00401,vae_imputed
1431,0.5419637684219295,0.0,4515,SIDM00996,vae_imputed
858,0.6734116189455642,0.0,4504,SIDM00607,move_diabetes_imputed
857,0.6276885551049409,0.0,4504,SIDM00607,mofa_imputed
856,0.5686595298821593,0.0,4504,SIDM00607,vae_imputed
855,0.7020830311664445,0.0,3090,SIDM00607,original
853,0.5827233512589819,0.0,4576,SIDM00082,move_diabetes_imputed
1432,0.5627799823319104,0.0,4515,SIDM00996,mofa_imputed
843,0.6011107464547556,0.0,4594,SIDM00572,move_diabetes_imputed
298,0.6422185784714536,0.0,4576,SIDM00401,move_diabetes_imputed
297,0.6006892681561624,0.0,4576,SIDM00401,mofa_imputed
898,0.7216459865275868,0.0,4568,SIDM01076,move_diabetes_imputed
295,0.6282655596728031,0.0,3476,SIDM00401,original
868,0.5792813604767222,0.0,4580,SIDM01172,move_diabetes_imputed
863,0.5271164184085632,0.0,4559,SIDM00866,move_diabetes_imputed
322,0.5622591094583416,0.0,4613,SIDM00940,mofa_imputed
321,0.5428180722070393,0.0,4613,SIDM00940,vae_imputed
320,0.5965740100399333,0.0,3907,SIDM00940,original
313,0.593404254591462,0.0,4575,SIDM00713,move_diabetes_imputed
312,0.5536342742568298,0.0,4575,SIDM00713,mofa_imputed
822,0.5851003144413486,0.0,4515,SIDM01137,mofa_imputed
228,0.5261203835102481,0.0,4584,SIDM00136,move_diabetes_imputed
910,0.671242302742045,0.0,3413,SIDM00651,original
908,0.629676658108851,0.0,4504,SIDM01016,move_diabetes_imputed
907,0.5895038265287309,0.0,4504,SIDM01016,mofa_imputed
906,0.5939975054439381,0.0,4504,SIDM01016,vae_imputed
1053,0.5813282403397403,0.0,4589,SIDM00649,move_diabetes_imputed
1043,0.6068159968500179,0.0,4568,SIDM00548,move_diabetes_imputed
1042,0.5842761758281578,0.0,4568,SIDM00548,mofa_imputed
1041,0.5318285640824005,0.0,4568,SIDM00548,vae_imputed
1000,0.6414547438962701,0.0,3121,SIDM00435,original
998,0.6138777816000983,0.0,4585,SIDM00426,move_diabetes_imputed
911,0.6317340150233123,0.0,4591,SIDM00651,vae_imputed
213,0.5738737406315386,0.0,4591,SIDM00749,move_diabetes_imputed
212,0.5623322313232125,0.0,4591,SIDM00749,mofa_imputed
203,0.5895296298837641,0.0,4572,SIDM00345,move_diabetes_imputed
972,0.558846369138936,0.0,4591,SIDM01188,mofa_imputed
1028,0.5351990853613688,0.0,4586,SIDM00899,move_diabetes_imputed
1393,0.5572728199043899,0.0,4507,SIDM01164,move_diabetes_imputed
1003,0.6529037084602587,0.0,4560,SIDM00435,move_diabetes_imputed
1002,0.5870027554391195,0.0,4560,SIDM00435,mofa_imputed
1001,0.589357623791307,0.0,4560,SIDM00435,vae_imputed
943,0.5936070807927395,0.0,4564,SIDM00658,move_diabetes_imputed
897,0.6474807463468296,0.0,4568,SIDM01076,mofa_imputed
896,0.666052935608024,0.0,4568,SIDM01076,vae_imputed
895,0.6989363111740633,0.0,3248,SIDM01076,original
243,0.5452995636913476,0.0,4514,SIDM01055,move_diabetes_imputed
1443,0.6348304159513452,0.0,4586,SIDM00461,move_diabetes_imputed
1448,0.6115552057636235,0.0,4583,SIDM00865,move_diabetes_imputed
993,0.6471821683962115,0.0,4572,SIDM01197,move_diabetes_imputed
992,0.6129581728725985,0.0,4572,SIDM01197,mofa_imputed
991,0.5774282766512457,0.0,4572,SIDM01197,vae_imputed
990,0.6294729812962515,0.0,3179,SIDM01197,original
758,0.5673932235734425,0.0,4586,SIDM00779,move_diabetes_imputed
938,0.6061721124962098,0.0,4546,SIDM01056,move_diabetes_imputed
937,0.5331614209320699,0.0,4546,SIDM01056,mofa_imputed
258,0.528643858630519,0.0,4586,SIDM00512,move_diabetes_imputed
248,0.5432345854312416,0.0,4507,SIDM00333,move_diabetes_imputed
958,0.6001933069945931,0.0,4591,SIDM01096,move_diabetes_imputed
957,0.5345960489298007,0.0,4591,SIDM01096,mofa_imputed
914,0.5463690453716827,0.0,4591,SIDM00651,mean
913,0.7024304717395939,0.0,4591,SIDM00651,move_diabetes_imputed
912,0.631124801410173,0.0,4591,SIDM00651,mofa_imputed
403,0.5291109924551909,0.0,4576,SIDM00139,move_diabetes_imputed
23,0.5615623051940044,0.0,4554,SIDM01077,move_diabetes_imputed
608,0.6067480084505161,0.0,4515,SIDM00693,move_diabetes_imputed
607,0.5781819064221659,0.0,4515,SIDM00693,mofa_imputed
606,0.5591797033776107,0.0,4515,SIDM00693,vae_imputed
412,0.5540237269356548,0.0,4582,SIDM01030,mofa_imputed
411,0.5360074899128722,0.0,4582,SIDM01030,vae_imputed
408,0.6428739739482844,0.0,4546,SIDM00116,move_diabetes_imputed
407,0.585819288219164,0.0,4546,SIDM00116,mofa_imputed
406,0.577761733057086,0.0,4546,SIDM00116,vae_imputed
405,0.664237935708107,0.0,3052,SIDM00116,original
393,0.596802342696436,0.0,4582,SIDM00660,move_diabetes_imputed
402,0.5269995771985321,0.0,4576,SIDM00139,mofa_imputed
558,0.6968771424000948,0.0,4589,SIDM00081,move_diabetes_imputed
557,0.6577767614807342,0.0,4589,SIDM00081,mofa_imputed
556,0.553456289004634,0.0,4589,SIDM00081,vae_imputed
555,0.6862830274563594,0.0,3027,SIDM00081,original
553,0.552607224382601,0.0,4576,SIDM00124,move_diabetes_imputed
552,0.5564551639444393,0.0,4576,SIDM00124,mofa_imputed
1404,0.5915000133960351,0.0,4559,SIDM00698,mean
413,0.5863136597594487,0.0,4582,SIDM01030,move_diabetes_imputed
1322,0.6239603072980706,0.0,4571,SIDM00875,mofa_imputed
96,0.5374841938719228,0.0,4580,SIDM00799,vae_imputed
73,0.601048616826406,0.0,4504,SIDM00568,move_diabetes_imputed
1317,0.5326519652447959,0.0,4560,SIDM00318,mofa_imputed
1368,0.5765811182918686,0.0,4560,SIDM01184,move_diabetes_imputed
1366,0.5309894428742803,0.0,4560,SIDM01184,vae_imputed
1363,0.6487801094200207,0.0,4568,SIDM01060,move_diabetes_imputed
1362,0.6221829811774053,0.0,4568,SIDM01060,mofa_imputed
1298,0.5474447169263514,0.0,4564,SIDM00884,move_diabetes_imputed
98,0.5861655368351644,0.0,4580,SIDM00799,move_diabetes_imputed
1323,0.6860950025581969,0.0,4571,SIDM00875,move_diabetes_imputed
683,0.6024453319498133,0.0,4514,SIDM01148,move_diabetes_imputed
1321,0.6303066745969356,0.0,4571,SIDM00875,vae_imputed
1320,0.7019721974954225,0.0,2899,SIDM00875,original
1421,0.6274942620878273,0.0,4589,SIDM00676,vae_imputed
605,0.6228726047705632,0.0,3220,SIDM00693,original
598,0.5512124046539595,0.0,4585,SIDM00673,move_diabetes_imputed
588,0.5492248863684926,0.0,4588,SIDM01112,move_diabetes_imputed
1360,0.6617939171893192,0.0,3203,SIDM01060,original
1361,0.5701166324608026,0.0,4568,SIDM01060,vae_imputed
643,0.6417609914714069,0.0,4515,SIDM01089,move_diabetes_imputed
798,0.6355483367259483,0.0,4507,SIDM00327,move_diabetes_imputed
675,0.5969080840226061,0.0,3473,SIDM00672,original
668,0.6082532456337681,0.0,4576,SIDM00828,move_diabetes_imputed
793,0.5600158822654063,0.0,4504,SIDM00487,move_diabetes_imputed
778,0.5921868466444021,0.0,4582,SIDM00677,move_diabetes_imputed
777,0.5316069212237104,0.0,4582,SIDM00677,mofa_imputed
1408,0.5945889708746884,0.0,4507,SIDM01062,move_diabetes_imputed
773,0.6060666108419379,0.0,4582,SIDM00336,move_diabetes_imputed
828,0.5418877448226376,0.0,4585,SIDM01020,move_diabetes_imputed
823,0.5734459734478183,0.0,4515,SIDM01137,move_diabetes_imputed
328,0.5619977414033116,0.0,4577,SIDM01008,move_diabetes_imputed
618,0.5467283753127855,0.0,4577,SIDM01005,move_diabetes_imputed
797,0.5693921389288683,0.0,4507,SIDM00327,mofa_imputed
796,0.5433524912677157,0.0,4507,SIDM00327,vae_imputed
795,0.6203851179671078,0.0,3057,SIDM00327,original
353,0.5860257379382763,0.0,4580,SIDM00893,move_diabetes_imputed
72,0.5474490722509071,0.0,4504,SIDM00568,mofa_imputed
338,0.5299407119909044,0.0,4557,SIDM00527,move_diabetes_imputed
1423,0.5788496402145813,0.0,4589,SIDM00676,move_diabetes_imputed
731,0.5816245691720294,0.0,4560,SIDM00898,vae_imputed
730,0.7103722390913589,0.0,3157,SIDM00898,original
1407,0.5675534393362306,0.0,4507,SIDM01062,mofa_imputed
681,0.5827152714264932,0.0,4514,SIDM01148,vae_imputed
678,0.6084669590322443,0.0,4574,SIDM00672,move_diabetes_imputed
734,0.5618061992492465,0.0,4560,SIDM00898,mean
733,0.6984892760221739,0.0,4560,SIDM00898,move_diabetes_imputed
732,0.6062201192029055,0.0,4560,SIDM00898,mofa_imputed
368,0.5501558042546449,0.0,4606,SIDM00789,move_diabetes_imputed
363,0.5596285289159086,0.0,4557,SIDM00841,move_diabetes_imputed
1406,0.5694586747094817,0.0,4507,SIDM01062,vae_imputed
688,0.5292976495787753,0.0,4515,SIDM00498,move_diabetes_imputed
1403,0.7470779896306109,0.0,4559,SIDM00698,move_diabetes_imputed
667,0.5774140951173287,0.0,4576,SIDM00828,mofa_imputed
666,0.5757715353538988,0.0,4576,SIDM00828,vae_imputed
648,0.5471581437241948,0.0,4582,SIDM00798,move_diabetes_imputed
378,0.6266629972166512,0.0,4529,SIDM00505,move_diabetes_imputed
377,0.6281238811118338,0.0,4529,SIDM00505,mofa_imputed
376,0.5602100385607776,0.0,4529,SIDM00505,vae_imputed
375,0.6427293348697197,0.0,3187,SIDM00505,original
642,0.5930653874104739,0.0,4515,SIDM01089,mofa_imputed
641,0.569777471667395,0.0,4515,SIDM01089,vae_imputed
47,0.5951423868437027,0.0,4568,SIDM00447,mofa_imputed
1173,0.6541431523690042,0.0,4557,SIDM00453,move_diabetes_imputed
1174,0.5444227074172505,0.0,4557,SIDM00453,mean
40,0.6709318732392505,0.0,2952,SIDM00611,original
3,0.541267274005562,0.0,4591,SIDM00855,move_diabetes_imputed
1181,0.5568950682321672,0.0,4586,SIDM01033,vae_imputed
513,0.7387172823876524,0.0,4515,SIDM00407,move_diabetes_imputed
1182,0.5733690301562855,0.0,4586,SIDM01033,mofa_imputed
1447,0.5466598618500074,0.0,4583,SIDM00865,mofa_imputed
1422,0.6381209004563255,0.0,4589,SIDM00676,mofa_imputed
1183,0.5759996546412235,0.0,4586,SIDM01033,move_diabetes_imputed
1188,0.5542990531936567,0.0,4591,SIDM01031,move_diabetes_imputed
1218,0.6465143895374892,0.0,4576,SIDM00277,move_diabetes_imputed
49,0.5403002476006697,0.0,4568,SIDM00447,mean
48,0.6757760303743257,0.0,4568,SIDM00447,move_diabetes_imputed
1220,0.6503257452346061,0.0,2950,SIDM01084,original
1172,0.6134576666888077,0.0,4557,SIDM00453,mofa_imputed
46,0.6732209944837466,0.0,4568,SIDM00447,vae_imputed
45,0.669875229504318,0.0,3057,SIDM00447,original
43,0.612547112545685,0.0,4560,SIDM00611,move_diabetes_imputed
152,0.5453279792863815,0.0,4564,SIDM00554,mofa_imputed
153,0.571550426226764,0.0,4564,SIDM00554,move_diabetes_imputed
1170,0.659798000296903,0.0,3664,SIDM00453,original
1171,0.6046663058800816,0.0,4557,SIDM00453,vae_imputed
1208,0.5659757927081295,0.0,4582,SIDM00097,move_diabetes_imputed
1388,0.6376050703759867,0.0,4514,SIDM01139,move_diabetes_imputed
1210,0.6666076561317998,0.0,3243,SIDM00772,original
1211,0.6092465108502452,0.0,4554,SIDM00772,vae_imputed
1387,0.5961465647475226,0.0,4514,SIDM01139,mofa_imputed
1212,0.6123642927328512,0.0,4554,SIDM00772,mofa_imputed
1386,0.5310520100034024,0.0,4514,SIDM01139,vae_imputed
105,0.646531108738432,0.0,2993,SIDM00761,original
109,0.5322915409276221,0.0,4572,SIDM00761,mean
108,0.6361754362683592,0.0,4572,SIDM00761,move_diabetes_imputed
107,0.5756485943947315,0.0,4572,SIDM00761,mofa_imputed
1241,0.5582696591444286,0.0,4560,SIDM01082,vae_imputed
1223,0.6344203844940415,0.0,4576,SIDM01084,move_diabetes_imputed
112,0.5408770149683763,0.0,4589,SIDM00541,mofa_imputed
113,0.5784219201206028,0.0,4589,SIDM00541,move_diabetes_imputed
1222,0.5574575003645856,0.0,4576,SIDM01084,mofa_imputed
1221,0.574991813027758,0.0,4576,SIDM01084,vae_imputed
1310,0.6449396292578021,0.0,2821,SIDM00589,original
1311,0.6225252137215243,0.0,4559,SIDM00589,vae_imputed
1312,0.6175826484223559,0.0,4559,SIDM00589,mofa_imputed
1313,0.6242398491418094,0.0,4559,SIDM00589,move_diabetes_imputed
1278,0.5875347500299541,0.0,4564,SIDM00812,move_diabetes_imputed
511,0.6752928608784803,0.0,4515,SIDM00407,vae_imputed
1213,0.6573419856284193,0.0,4554,SIDM00772,move_diabetes_imputed
106,0.5552085209230193,0.0,4572,SIDM00761,vae_imputed
1253,0.5428958362455591,0.0,4560,SIDM00628,move_diabetes_imputed
1203,0.6081195199423982,0.0,4585,SIDM00130,move_diabetes_imputed
1128,0.5825738275376399,0.0,4568,SIDM00683,move_diabetes_imputed
1202,0.528024408405169,0.0,4585,SIDM00130,mofa_imputed
1133,0.5534831807460119,0.0,4570,SIDM00702,move_diabetes_imputed
1138,0.553291214255228,0.0,4529,SIDM00284,move_diabetes_imputed
1151,0.5379642718005002,0.0,4586,SIDM00349,vae_imputed
1198,0.5365455138692887,0.0,4583,SIDM00321,move_diabetes_imputed
512,0.6781185195027544,0.0,4515,SIDM00407,mofa_imputed
1243,0.5405553667252457,0.0,4560,SIDM01082,move_diabetes_imputed
42,0.6199241768843411,0.0,4560,SIDM00611,mofa_imputed
1093,0.6647456360419074,0.0,4585,SIDM00513,move_diabetes_imputed
41,0.5848255239706487,0.0,4560,SIDM00611,vae_imputed
1117,0.5265250882197037,0.0,4584,SIDM00783,mofa_imputed
1068,0.576802049263929,0.0,4559,SIDM00560,move_diabetes_imputed
442,0.5748612663793773,0.0,4572,SIDM00272,mofa_imputed
168,0.57220282307784,0.0,4575,SIDM01111,move_diabetes_imputed
508,0.5906927459035471,0.0,4591,SIDM00405,move_diabetes_imputed
440,0.6003160440677402,0.0,3398,SIDM00272,original
183,0.5855429549620246,0.0,4568,SIDM01124,move_diabetes_imputed
1318,0.5737664640620429,0.0,4560,SIDM00318,move_diabetes_imputed
578,0.5781195260670757,0.0,4591,SIDM01147,move_diabetes_imputed
190,0.612530784896566,0.0,3543,SIDM00239,original
577,0.5306500713121571,0.0,4591,SIDM01147,mofa_imputed
8,0.5923784559231353,0.0,4557,SIDM01037,move_diabetes_imputed
1115,0.5782079691800306,0.0,3657,SIDM00783,original
533,0.7014709772790795,0.0,4575,SIDM00335,move_diabetes_imputed
532,0.6369923226912659,0.0,4575,SIDM00335,mofa_imputed
443,0.6697060067183018,0.0,4572,SIDM00272,move_diabetes_imputed
1118,0.5990991346447171,0.0,4584,SIDM00783,move_diabetes_imputed
531,0.6058568710535144,0.0,4575,SIDM00335,vae_imputed
530,0.6583311319116112,0.0,3314,SIDM00335,original
528,0.5346636949552579,0.0,4572,SIDM00149,move_diabetes_imputed
1123,0.5340758958165027,0.0,4576,SIDM00486,move_diabetes_imputed
506,0.5573099525920788,0.0,4591,SIDM00405,vae_imputed
973,0.5748181829555856,0.0,4591,SIDM01188,move_diabetes_imputed
503,0.5906572002989192,0.0,4559,SIDM00837,move_diabetes_imputed
500,0.610854859459707,0.0,3219,SIDM00837,original
548,0.6518088059521574,0.0,4559,SIDM00247,move_diabetes_imputed
978,0.5619599589851314,0.0,4594,SIDM00890,move_diabetes_imputed
988,0.6155433573349165,0.0,4504,SIDM01038,move_diabetes_imputed
986,0.5813752553893987,0.0,4504,SIDM01038,vae_imputed
987,0.591239561721485,0.0,4504,SIDM01038,mofa_imputed
192,0.590446330254335,0.0,4559,SIDM00239,mofa_imputed
1217,0.5389291866488117,0.0,4576,SIDM00277,mofa_imputed
510,0.7238874596245541,0.0,3290,SIDM00407,original
1402,0.6855137168869685,0.0,4559,SIDM00698,mofa_imputed
1401,0.6881395039312621,0.0,4559,SIDM00698,vae_imputed
1078,0.6110809332642207,0.0,4591,SIDM00457,move_diabetes_imputed
1083,0.5345086523515428,0.0,4514,SIDM01199,move_diabetes_imputed
1400,0.741581889393529,0.0,3481,SIDM00698,original
1090,0.6792790233867299,0.0,3212,SIDM00513,original
1092,0.5962861099087389,0.0,4585,SIDM00513,mofa_imputed
1398,0.5856714532040892,0.0,4564,SIDM00762,move_diabetes_imputed
1038,0.5534250700056345,0.0,4591,SIDM00629,move_diabetes_imputed
191,0.568775678927548,0.0,4559,SIDM00239,vae_imputed
1397,0.5814958798421044,0.0,4564,SIDM00762,mofa_imputed
193,0.6451843519213627,0.0,4559,SIDM00239,move_diabetes_imputed
458,0.5524889459770197,0.0,4580,SIDM01023,move_diabetes_imputed
1214,0.5632034442727182,0.0,4554,SIDM00772,mean
28,0.5375633061869493,0.0,4568,SIDM00675,move_diabetes_imputed
68,0.6100413410948885,0.0,4574,SIDM00919,move_diabetes_imputed
573,0.6258732778134964,0.0,4584,SIDM01090,move_diabetes_imputed
572,0.5756291154416133,0.0,4584,SIDM01090,mofa_imputed
571,0.5572340605201419,0.0,4584,SIDM01090,vae_imputed
570,0.6053836939491637,0.0,3319,SIDM01090,original
563,0.5736928043996328,0.0,4589,SIDM00522,move_diabetes_imputed
1067,0.5384143428594708,0.0,4559,SIDM00560,mofa_imputed
562,0.5476537593318768,0.0,4589,SIDM00522,mofa_imputed
518,0.5287365494896094,0.0,4570,SIDM01024,move_diabetes_imputed
1263,0.5263756123990668,2e-323,4559,SIDM00885,move_diabetes_imputed
682,0.5282273505369708,7e-323,4514,SIDM01148,mofa_imputed
1420,0.7183371768126214,1.1e-322,2035,SIDM00676,original
1367,0.525477422596764,3.36e-322,4560,SIDM01184,mofa_imputed
1058,0.5242414364208318,3.56e-322,4585,SIDM00680,move_diabetes_imputed
1395,0.6361322201546077,1.2915e-320,2828,SIDM00762,original
547,0.5243077388867748,1.8676e-320,4559,SIDM00247,mofa_imputed
881,0.5233477502519988,9.80325e-319,4554,SIDM00107,vae_imputed
1442,0.521535461405689,2.29045e-318,4586,SIDM00461,mofa_imputed
665,0.617382398007732,2.52338e-318,3034,SIDM00828,original
167,0.52199592882625,2.901914e-318,4575,SIDM01111,mofa_imputed
638,0.5213101220423879,3.49578e-318,4588,SIDM00909,move_diabetes_imputed
926,0.5213311493717004,5.25169e-318,4585,SIDM00046,vae_imputed
44,0.5225375520985986,5.359733e-318,4560,SIDM00611,mean
1364,0.5215287035877996,4.085014e-317,4568,SIDM01060,mean
299,0.5210724686875146,5.1108176e-317,4576,SIDM00401,mean
507,0.5198567821817303,2.54937014e-316,4591,SIDM00405,mofa_imputed
97,0.5203019853935633,3.3736084e-316,4580,SIDM00799,mofa_imputed
561,0.5197221930213026,5.42529336e-316,4589,SIDM00522,vae_imputed
640,0.6287863789140213,1.765550206e-315,2868,SIDM01089,original
166,0.5200216655457455,1.854912235e-315,4575,SIDM01111,vae_imputed
1440,0.6071916029910552,9.1040441e-315,3130,SIDM00461,original
757,0.518912299670893,1.221458929e-314,4586,SIDM00779,mofa_imputed
708,0.5190495465562602,1.4639781453e-314,4582,SIDM00594,move_diabetes_imputed
842,0.5180931363652688,5.0201881115e-314,4594,SIDM00572,mofa_imputed
866,0.5184703822811636,1.3174483334e-313,4580,SIDM01172,vae_imputed
1116,0.5178397812693039,5.45738574473e-313,4584,SIDM00783,vae_imputed
211,0.5162921235181167,2.7559851740695e-311,4591,SIDM00749,vae_imputed
269,0.5166368827420235,3.131828324314e-311,4583,SIDM01059,mean
803,0.5191999696868916,3.178316032005e-311,4530,SIDM01028,move_diabetes_imputed
1052,0.5162728012545384,4.0005198941713e-311,4589,SIDM00649,mofa_imputed
968,0.515782689790484,8.977668120646e-311,4594,SIDM00791,move_diabetes_imputed
502,0.5173993180382994,1.1211894783291e-310,4559,SIDM00837,mofa_imputed
741,0.5159583310661471,1.794014730391466e-309,4571,SIDM00485,vae_imputed
1315,0.5875842076470962,3.794630000228683e-309,3338,SIDM00318,original
111,0.5145744321738887,9.512016874968433e-309,4589,SIDM00541,vae_imputed
811,0.5147360804478859,1.2222011583230223e-308,4584,SIDM00920,vae_imputed
905,0.6094268069341476,4.152527003548748e-307,3025,SIDM01016,original
576,0.5127967436074929,2.08163202618081e-306,4591,SIDM01147,vae_imputed
71,0.5169372193350839,2.5801625169468632e-306,4504,SIDM00568,vae_imputed
1122,0.513411062323699,2.900687462289635e-306,4576,SIDM00486,mofa_imputed
776,0.5127210047799438,1.0470969415734653e-305,4582,SIDM00677,vae_imputed
354,0.512772381963336,1.2062678592117e-305,4580,SIDM00893,mean
583,0.513957059355965,1.4844297248789186e-305,4554,SIDM00506,move_diabetes_imputed
545,0.5697109000754396,1.8989904434183378e-305,3559,SIDM00247,original
1430,0.5652369321067672,3.5187089261183717e-305,3625,SIDM00996,original
1207,0.5122606221506414,4.537831624825668e-305,4582,SIDM00097,mofa_imputed
748,0.5120645561462247,8.46789594246142e-305,4582,SIDM00132,move_diabetes_imputed
1127,0.512478900211405,1.9138342742860886e-304,4568,SIDM00683,mofa_imputed
273,0.5123788766070485,1.036102449445136e-303,4559,SIDM01150,move_diabetes_imputed
867,0.5111695570192853,1.967313642844237e-303,4580,SIDM01172,mofa_imputed
877,0.512174583313806,2.6829805767848266e-303,4557,SIDM00586,mofa_imputed
1153,0.5102401803959663,1.507006376638797e-302,4586,SIDM00349,move_diabetes_imputed
311,0.5106844822941721,1.9473240304260218e-302,4575,SIDM00713,vae_imputed
310,0.595661092263694,3.4516206162228063e-302,3153,SIDM00713,original
994,0.5102639823429088,1.156018042772557e-301,4572,SIDM01197,mean
936,0.5111130065954536,4.062003540177376e-301,4546,SIDM01056,vae_imputed
1066,0.5104277447063048,4.9112558567383115e-301,4559,SIDM00560,vae_imputed
133,0.5096519638308759,1.4523074430466764e-300,4568,SIDM00745,move_diabetes_imputed
821,0.5121791179077778,1.582188268340034e-300,4515,SIDM01137,vae_imputed
65,0.580879966378414,1.5841503621746088e-300,3338,SIDM00919,original
771,0.5089070100489245,1.8475566413253546e-300,4582,SIDM00336,vae_imputed
977,0.5082050371649824,2.7918545899356165e-300,4594,SIDM00890,mofa_imputed
963,0.5083272150173662,2.8061810375071635e-299,4576,SIDM01163,move_diabetes_imputed
351,0.5081296431326987,2.8681383614918485e-299,4580,SIDM00893,vae_imputed
392,0.5077672110933582,6.631586160581245e-299,4582,SIDM00660,mofa_imputed
501,0.5088633676668841,6.668660323727528e-299,4559,SIDM00837,vae_imputed
1132,0.5080817462522296,1.485086055583551e-298,4570,SIDM00702,mofa_imputed
281,0.5075706929848665,5.451235295537636e-298,4572,SIDM00151,vae_imputed
772,0.506724053025003,1.7362820649280175e-297,4582,SIDM00336,mofa_imputed
1242,0.5073436317984863,6.617943530206225e-297,4560,SIDM01082,mofa_imputed
398,0.5057201599482782,6.750500264690344e-297,4594,SIDM00803,move_diabetes_imputed
1037,0.5058127816582637,7.877187320096654e-297,4591,SIDM00629,mofa_imputed
1216,0.5056249603204587,1.2980639414823015e-295,4576,SIDM00277,vae_imputed
586,0.504910636494045,2.0382450641915475e-295,4588,SIDM01112,vae_imputed
935,0.5941659661893712,2.7441949033922903e-295,3100,SIDM01056,original
517,0.5055882580004957,3.529796850229651e-295,4570,SIDM01024,mofa_imputed
362,0.5055795421814682,2.4741056840254855e-294,4557,SIDM00841,mofa_imputed
985,0.6120627477015829,5.885286606582019e-294,2863,SIDM01038,original
1103,0.5035519609941186,3.3219457793001797e-293,4582,SIDM01027,move_diabetes_imputed
623,0.5040083546331386,4.061259325709806e-293,4571,SIDM00748,move_diabetes_imputed
358,0.5041090000998649,1.7306020927177859e-292,4559,SIDM00778,move_diabetes_imputed
456,0.5029691381634184,2.6912456802599744e-292,4580,SIDM01023,vae_imputed
22,0.5038163207791327,8.869254580626097e-292,4554,SIDM01077,mofa_imputed
118,0.5022869435873347,1.063699021607406e-291,4585,SIDM01010,move_diabetes_imputed
1392,0.5057540591474694,2.3371589826248658e-291,4507,SIDM01164,mofa_imputed
929,0.5020282934168493,2.3589913857069017e-291,4585,SIDM00046,mean
514,0.5053552394244867,2.433849117679646e-291,4515,SIDM00407,mean
1385,0.5904716264500856,4.977127137190517e-291,3103,SIDM01139,original
997,0.5015476467749073,1.034502562415186e-290,4585,SIDM00426,mofa_imputed
194,0.5022098657985845,5.916494931852295e-290,4559,SIDM00239,mean
523,0.5014045395959441,6.837958017368293e-290,4575,SIDM00429,move_diabetes_imputed
680,0.5966139569962491,1.2568675019502817e-289,3009,SIDM01148,original
575,0.5658126754337391,7.921084402475554e-289,3421,SIDM01147,original
976,0.49956088395246334,1.2476437151349318e-288,4594,SIDM00890,vae_imputed
1248,0.5001726753310316,1.4403410948708454e-288,4580,SIDM00090,move_diabetes_imputed
1277,0.5009040538418972,1.5528725750029667e-288,4564,SIDM00812,mofa_imputed
942,0.500707796086951,2.8263572188143967e-288,4564,SIDM00658,mofa_imputed
971,0.4991537574860263,6.658623725062255e-288,4591,SIDM01188,vae_imputed
148,0.5019355852876435,1.0692336481788335e-287,4529,SIDM01067,move_diabetes_imputed
1040,0.5910447758741074,1.2744520099470584e-287,3059,SIDM00548,original
1343,0.5018473700484332,1.397989782148531e-287,4529,SIDM00125,move_diabetes_imputed
333,0.49999728346989447,5.058206246130755e-287,4559,SIDM00122,move_diabetes_imputed
132,0.4994620473776766,7.059218742759646e-287,4568,SIDM00745,mofa_imputed
391,0.4987352168252893,8.654682360676223e-287,4582,SIDM00660,vae_imputed
1180,0.6523861760612172,1.0613269100246082e-286,2364,SIDM01033,original
350,0.5884922068736729,2.6087592143585506e-286,3078,SIDM00893,original
838,0.49940338986828825,2.660483262229576e-286,4560,SIDM00924,move_diabetes_imputed
956,0.49783805677557336,3.6635016338558113e-286,4591,SIDM01096,vae_imputed
1077,0.4977168389086822,5.295045098288209e-286,4591,SIDM00457,mofa_imputed
202,0.4975832756482808,1.1875095561216401e-284,4572,SIDM00345,mofa_imputed
953,0.4976838483082915,1.5485221933163577e-284,4568,SIDM00108,move_diabetes_imputed
1063,0.4993961149656879,2.328969038170402e-284,4529,SIDM00477,move_diabetes_imputed
1445,0.5505316671582594,1.3376632411260716e-283,3589,SIDM00865,original
927,0.49586028692278683,3.419029189063321e-283,4585,SIDM00046,mofa_imputed
13,0.4983917387857476,4.782218738205414e-283,4529,SIDM00703,move_diabetes_imputed
1316,0.4968114382508183,6.702792837878269e-283,4560,SIDM00318,vae_imputed
684,0.4985125064398013,2.8403034768602572e-282,4514,SIDM01148,mean
238,0.4954531285463034,4.146213514282408e-282,4576,SIDM00250,move_diabetes_imputed
1446,0.4950513909236668,5.1761497446382276e-282,4583,SIDM00865,vae_imputed
352,0.49449901182209033,4.1428679239973186e-281,4580,SIDM00893,mofa_imputed
543,0.4940479004141247,4.539783005527021e-281,4589,SIDM00585,move_diabetes_imputed
1076,0.49395402380885445,4.5473418941310865e-281,4591,SIDM00457,vae_imputed
888,0.4955010621007519,5.2280140734269804e-281,4557,SIDM00795,move_diabetes_imputed
861,0.495127749015159,1.2053928364898741e-280,4559,SIDM00866,vae_imputed
587,0.4936924100803311,1.5157518298965427e-280,4588,SIDM01112,mofa_imputed
182,0.49461554126846974,1.5746351809857845e-280,4568,SIDM01124,mofa_imputed
693,0.4951134751943286,2.5423670543746585e-280,4554,SIDM01190,move_diabetes_imputed
609,0.4968328491179506,3.719675490436064e-280,4515,SIDM00693,mean
53,0.49303401950734355,1.8983601245971787e-279,4584,SIDM01105,move_diabetes_imputed
840,0.583921767699542,5.968215149114493e-279,3057,SIDM00572,original
1121,0.4926814578118933,1.6549843352724617e-278,4576,SIDM00486,vae_imputed
67,0.49262023575221614,2.6228640818958997e-278,4574,SIDM00919,mofa_imputed
1004,0.49287083840844487,8.738296574994064e-278,4560,SIDM00435,mean
180,0.563742783901686,1.4990968365252674e-277,3316,SIDM01124,original
1365,0.5536619075979392,2.7152494798922504e-277,3461,SIDM01184,original
1353,0.4905349197657045,1.6119187571240478e-276,4589,SIDM00290,move_diabetes_imputed
550,0.6375930167465791,2.8120753248393488e-276,2420,SIDM00124,original
188,0.4901388530513563,1.7964116103209755e-275,4580,SIDM00499,move_diabetes_imputed
775,0.538602332511342,2.2043915458210958e-275,3672,SIDM00677,original
1193,0.4896985657018346,1.1759495968139762e-273,4559,SIDM00138,move_diabetes_imputed
336,0.48907556020867515,9.620373147425321e-273,4557,SIDM00527,vae_imputed
852,0.48813848325978954,1.1219629159687457e-272,4576,SIDM00082,mofa_imputed
820,0.6036798931599062,1.7532734520176923e-272,2747,SIDM01137,original
1396,0.48847149105655985,2.169885839861216e-272,4564,SIDM00762,vae_imputed
70,0.5630385170270846,1.4134455443733543e-271,3254,SIDM00568,original
95,0.5775275216475706,2.459137157206011e-271,3055,SIDM00799,original
915,0.589553515483309,2.9570349858435487e-271,2902,SIDM00856,original
337,0.48749268266120105,9.822062630127432e-271,4557,SIDM00527,mofa_imputed
903,0.4884855761031613,2.152286845857668e-270,4530,SIDM00887,move_diabetes_imputed
581,0.4873225922809885,2.4222775077984944e-270,4554,SIDM00506,vae_imputed
1333,0.48817285585309944,5.339699907444215e-270,4530,SIDM01101,move_diabetes_imputed
996,0.48529661840193083,1.3423702181052298e-269,4585,SIDM00426,vae_imputed
955,0.5766182516232625,3.771285869937817e-269,3042,SIDM01096,original
521,0.48517723206914226,7.279233993481509e-269,4575,SIDM00429,vae_imputed
756,0.48453716190354484,1.0684399346160864e-268,4586,SIDM00779,vae_imputed
516,0.4845797261171529,8.048054335241151e-268,4570,SIDM01024,vae_imputed
6,0.4846096782356587,4.210020836271091e-267,4557,SIDM01037,vae_imputed
181,0.4839869519783667,5.837445534118619e-267,4568,SIDM01124,vae_imputed
527,0.48376070724368736,6.578342992266614e-267,4572,SIDM00149,mofa_imputed
390,0.5244585836896082,7.5566839260259665e-267,3789,SIDM00660,original
66,0.483504344564489,1.0563658911188535e-266,4574,SIDM00919,vae_imputed
361,0.4842203173031211,1.2946329101598686e-266,4557,SIDM00841,vae_imputed
1091,0.4826198093571409,3.143089735088433e-266,4585,SIDM00513,vae_imputed
1050,0.5704571584708394,1.5734066821302445e-265,3081,SIDM00649,original
755,0.5541951019984213,1.7083745511747015e-265,3305,SIDM00779,original
862,0.483214228643766,1.795789458730441e-265,4559,SIDM00866,mofa_imputed
38,0.4825202823915741,1.801626689027043e-265,4574,SIDM00609,move_diabetes_imputed
242,0.4850683362329123,3.5947972659176494e-265,4514,SIDM01055,mofa_imputed
326,0.48211740733512787,3.857898788906941e-265,4577,SIDM01008,vae_imputed
574,0.4817914353869225,3.9032408622765933e-265,4584,SIDM01090,mean
18,0.4812335069725553,5.192640963355529e-265,4594,SIDM01078,move_diabetes_imputed
1191,0.482614040701023,1.006615529294697e-264,4559,SIDM00138,vae_imputed
718,0.4824081563561794,1.5912813942329583e-264,4560,SIDM01085,move_diabetes_imputed
257,0.48080202565181285,5.144565635414028e-264,4586,SIDM00512,mofa_imputed
560,0.5256019637825551,1.026466922995062e-263,3725,SIDM00522,original
441,0.4808532780742902,2.802441418944344e-263,4572,SIDM00272,vae_imputed
995,0.5521462923773037,3.1458221821653882e-263,3306,SIDM00426,original
559,0.4800041113244729,3.415042713472847e-263,4589,SIDM00081,mean
1075,0.5531734635756637,4.717703979592953e-263,3289,SIDM00457,original
487,0.47990304290582,2.8541917361273034e-262,4575,SIDM00849,mofa_imputed
1051,0.47871529223602893,1.3566960417631854e-261,4589,SIDM00649,vae_imputed
428,0.4788163425568,2.2229099835028692e-261,4583,SIDM00872,move_diabetes_imputed
280,0.5862211622641464,2.3709595615004224e-261,2835,SIDM00151,original
7,0.4794470102861942,1.1013918328456976e-260,4557,SIDM01037,mofa_imputed
669,0.47791436500551215,7.167172720495338e-260,4576,SIDM00828,mean
5,0.5606804535909266,1.1825434205673353e-259,3142,SIDM01037,original
1073,0.47845286387580355,1.4195635351790544e-259,4559,SIDM00729,move_diabetes_imputed
1200,0.5861726702556912,1.4675440304478857e-259,2816,SIDM00130,original
69,0.47770870488000833,1.6637238876970774e-259,4574,SIDM00919,mean
770,0.5586131003730561,1.8120648994501973e-259,3168,SIDM00336,original
1342,0.479327741673196,5.990151364458382e-259,4529,SIDM00125,mofa_imputed
865,0.5644198701858721,1.614714414516061e-258,3078,SIDM01172,original
582,0.47778739561287553,1.7809167626231725e-258,4554,SIDM00506,mofa_imputed
983,0.4764489673904253,4.521498496843559e-258,4576,SIDM00618,move_diabetes_imputed
1102,0.47598924297947653,7.640775858228236e-258,4582,SIDM01027,mofa_imputed
1125,0.5924383127688448,9.679313068233428e-258,2723,SIDM00683,original
940,0.530675621317642,1.6534906816171098e-257,3555,SIDM00658,original
1027,0.4754881935077717,1.877669235047806e-257,4586,SIDM00899,mofa_imputed
743,0.475781210971402,5.642555423298316e-257,4571,SIDM00485,move_diabetes_imputed
1018,0.4745579224613527,1.3592278901479536e-256,4591,SIDM00879,move_diabetes_imputed
99,0.47469526063987677,3.7659695752154405e-256,4580,SIDM00799,mean
1341,0.4765535423092474,1.4404871855625368e-255,4529,SIDM00125,vae_imputed
373,0.4738338901838454,2.229852710641496e-255,4585,SIDM00684,move_diabetes_imputed
371,0.47365292355968225,3.7021911833933102e-255,4585,SIDM00684,vae_imputed
951,0.4740020346983546,1.2127820020351977e-254,4568,SIDM00108,vae_imputed
1163,0.47289854261749925,2.0885639176053724e-254,4588,SIDM00087,move_diabetes_imputed
1206,0.4727166763493843,7.419510311676011e-254,4582,SIDM00097,vae_imputed
663,0.47500587100192626,9.454759667696806e-254,4530,SIDM00965,move_diabetes_imputed
677,0.4729643660246762,1.0241449654830361e-253,4574,SIDM00672,mofa_imputed
21,0.4738268400381211,1.174662641821455e-253,4554,SIDM01077,vae_imputed
1428,0.47169233905675945,4.1424121783408195e-253,4591,SIDM00194,move_diabetes_imputed
916,0.4723202854342207,4.2139926264089816e-253,4577,SIDM00856,vae_imputed
1215,0.5465901432107627,4.2857128684909904e-253,3256,SIDM00277,original
723,0.47223623634134965,6.041160772351768e-253,4576,SIDM00237,move_diabetes_imputed
178,0.47216315532817055,2.0321973800137254e-252,4568,SIDM00360,move_diabetes_imputed
504,0.47223614478113096,5.170026324045215e-252,4559,SIDM00837,mean
637,0.470636637656481,1.1367578201156174e-251,4588,SIDM00909,mofa_imputed
1399,0.47138738807106084,2.8884588253099333e-251,4564,SIDM00762,mean
698,0.4729069658998869,3.1663959235157283e-251,4530,SIDM00689,move_diabetes_imputed
20,0.5077361043008711,4.774919079359306e-251,3844,SIDM01077,original
859,0.4738480792101918,6.420006885481456e-251,4504,SIDM00607,mean
223,0.47105641444809515,1.3514794209694523e-250,4559,SIDM00654,move_diabetes_imputed
742,0.4703883749552327,1.8997116289710477e-250,4571,SIDM00485,mofa_imputed
869,0.4698062727293405,3.079300590901737e-250,4580,SIDM01172,mean
679,0.46969807075609393,8.775112831567814e-250,4574,SIDM00672,mean
551,0.46957139133271697,9.697240406705715e-250,4576,SIDM00124,vae_imputed
25,0.5314133014054003,2.0839961860496232e-249,3431,SIDM00675,original
128,0.4686095223414557,2.8842352856149347e-248,4570,SIDM00715,move_diabetes_imputed
814,0.46774656857977404,5.445844650778428e-248,4584,SIDM00920,mean
1391,0.47105419144448757,9.309508120894233e-248,4507,SIDM01164,vae_imputed
438,0.46642426917116797,1.3685723058279866e-247,4606,SIDM00832,move_diabetes_imputed
1036,0.46686426539250103,2.5854472999760535e-247,4591,SIDM00629,vae_imputed
410,0.5449518894847745,2.6009361391860684e-247,3204,SIDM01030,original
26,0.46787728692969344,2.7498568473115667e-247,4568,SIDM00675,vae_imputed
799,0.4704549798812505,4.7697472374072026e-247,4507,SIDM00327,mean
151,0.4677816359638671,5.857119669724327e-247,4564,SIDM00554,vae_imputed
1338,0.4702765117639148,1.1285754577778609e-246,4504,SIDM00640,move_diabetes_imputed
1319,0.46769204048266777,1.2264271620654945e-246,4560,SIDM00318,mean
899,0.46714593262701215,2.0307042353137765e-246,4568,SIDM01076,mean
110,0.5634530219645999,2.0785793876322025e-246,2945,SIDM00541,original
1137,0.4679127452794929,3.102385786193795e-245,4529,SIDM00284,mofa_imputed
653,0.46757110376219674,7.83742221125487e-245,4529,SIDM01130,move_diabetes_imputed
970,0.5696961942510692,2.742882448492738e-244,2842,SIDM01188,original
505,0.5505013039368418,7.361367425996711e-244,3083,SIDM00405,original
1136,0.4666686021744668,9.019493233420005e-244,4529,SIDM00284,vae_imputed
1427,0.4638675186126529,9.183726014070241e-244,4591,SIDM00194,mofa_imputed
210,0.5731644301482376,1.3612553807251977e-243,2792,SIDM00749,original
1224,0.4643777023409591,1.422123406905472e-243,4576,SIDM01084,mean
201,0.46427255381479554,3.0742257150636875e-243,4572,SIDM00345,vae_imputed
1035,0.5332400641626962,3.8534270494708084e-243,3317,SIDM00629,original
526,0.4641072969234169,4.807897342940993e-243,4572,SIDM00149,vae_imputed
792,0.46695334886964435,9.061517384753229e-243,4504,SIDM00487,mofa_imputed
253,0.4633934415889873,1.2571298539865162e-242,4580,SIDM00921,move_diabetes_imputed
314,0.46351479802654616,1.6584612367634673e-242,4575,SIDM00713,mean
1405,0.5956231087938955,5.809180977519765e-242,2521,SIDM01062,original
632,0.4627891044800325,1.1754221812898586e-241,4575,SIDM01141,mofa_imputed
1418,0.4626726202435638,1.4261447335915916e-241,4576,SIDM00614,move_diabetes_imputed
633,0.4625249922658155,2.3944962741454934e-241,4575,SIDM01141,move_diabetes_imputed
277,0.46268289224872206,3.6391304788423614e-241,4568,SIDM00371,mofa_imputed
123,0.46261098362921027,1.30632149736876e-240,4559,SIDM00328,move_diabetes_imputed
9,0.4626459880853011,1.5133388463828645e-240,4557,SIDM01037,mean
1082,0.4643877872078176,2.596102362023232e-240,4514,SIDM01199,mofa_imputed
585,0.5317034864791778,1.5172091301722638e-239,3290,SIDM01112,original
143,0.4609187705644139,1.5877841508852525e-239,4576,SIDM00581,move_diabetes_imputed
1101,0.46002104880326394,8.583696847346937e-239,4582,SIDM01027,vae_imputed
597,0.4590522833881876,7.995396755334495e-238,4585,SIDM00673,mofa_imputed
147,0.4615524701479573,8.126752749657419e-238,4529,SIDM01067,mofa_imputed
293,0.4591548462850663,8.67707419780849e-238,4582,SIDM00088,move_diabetes_imputed
245,0.5604992128713195,1.739550266841354e-237,2874,SIDM00333,original
595,0.5241972250853879,2.3817727189555013e-237,3371,SIDM00673,original
1434,0.4617308526686983,2.7139555407719056e-237,4515,SIDM00996,mean
1205,0.5346387442847966,4.90092966496186e-237,3213,SIDM00097,original
409,0.4599532859043714,7.451127328497257e-237,4546,SIDM00116,mean
850,0.5220639137091054,2.824824505761898e-236,3388,SIDM00082,original
515,0.5153309351161814,9.446826702323663e-236,3485,SIDM01024,original
131,0.4577679994238773,1.804993140265045e-235,4568,SIDM00745,vae_imputed
227,0.45677247160360623,3.846004057702126e-235,4584,SIDM00136,mofa_imputed
453,0.4573737051604501,5.121027641159948e-235,4568,SIDM00685,move_diabetes_imputed
284,0.45717144522185876,5.465073877714828e-235,4572,SIDM00151,mean
902,0.4588297151335208,9.692003110128082e-235,4530,SIDM00887,mofa_imputed
165,0.5001711456503726,1.0826006194872596e-234,3719,SIDM01111,original
74,0.45951320065160245,3.499983048684532e-234,4504,SIDM00568,mean
367,0.45495280579343306,3.6435253434587827e-234,4606,SIDM00789,mofa_imputed
989,0.4594966387444428,3.655474764093595e-234,4504,SIDM01038,mean
200,0.5360076509552039,6.621666010490704e-234,3151,SIDM00345,original
1252,0.45674099124636025,6.944849413534171e-234,4560,SIDM00628,mofa_imputed
979,0.4550853888035541,1.0340447692841033e-233,4594,SIDM00890,mean
1113,0.4552291065776861,2.2625939323937453e-233,4584,SIDM00494,move_diabetes_imputed
909,0.4572739346024741,1.2218491942715894e-231,4504,SIDM01016,mean
1276,0.4545798946457964,1.2662567372289403e-231,4564,SIDM00812,vae_imputed
768,0.45526917219930463,1.6873611910553787e-231,4546,SIDM00547,move_diabetes_imputed
1126,0.4542468042568156,1.9047563789440416e-231,4568,SIDM00683,vae_imputed
457,0.4536323817699136,2.3774878193460727e-231,4580,SIDM01023,mofa_imputed
827,0.45305929861826716,5.986276954229696e-231,4585,SIDM01020,mofa_imputed
753,0.4561062553190781,7.917513351338024e-231,4514,SIDM01108,move_diabetes_imputed
324,0.45167078814155703,9.156526824218481e-231,4613,SIDM00940,mean
848,0.45422254633691034,1.0245506508067533e-230,4554,SIDM00588,move_diabetes_imputed
959,0.452585580982188,1.0370097221461324e-230,4591,SIDM01096,mean
1275,0.5198341813505931,3.1234052767378677e-230,3334,SIDM00812,original
436,0.4514991111363798,3.189814859798974e-230,4606,SIDM00832,vae_imputed
187,0.45248611151748364,4.7470408806348855e-230,4580,SIDM00499,mofa_imputed
546,0.4532834782704993,6.64124625985708e-230,4559,SIDM00247,vae_imputed
522,0.45237493596582107,1.1248769226533895e-229,4575,SIDM00429,mofa_imputed
713,0.45099744359543753,4.5110338871159037e-228,4574,SIDM01110,move_diabetes_imputed
692,0.4515961745329869,9.363771840636377e-228,4554,SIDM01190,mofa_imputed
783,0.450686692973246,2.5033837664276017e-227,4566,SIDM00339,move_diabetes_imputed
952,0.4505233789291724,3.04152016732029e-227,4568,SIDM00108,mofa_imputed
1238,0.45095066957808727,4.956875004626589e-227,4554,SIDM00926,move_diabetes_imputed
697,0.45195499026786345,5.759360773138994e-227,4530,SIDM00689,mofa_imputed
939,0.45095010463931406,1.233572875752934e-226,4546,SIDM01056,mean
271,0.4501007194452497,2.510610536113321e-226,4559,SIDM01150,vae_imputed
791,0.4524680952850192,3.025797062673624e-226,4504,SIDM00487,vae_imputed
241,0.4519402446461664,3.727447213842954e-226,4514,SIDM01055,vae_imputed
247,0.4518666542785014,1.0019872596202885e-225,4507,SIDM00333,mofa_imputed
483,0.4517037728402946,1.520248919623238e-225,4507,SIDM00615,move_diabetes_imputed
747,0.4482843463807224,2.0085895490779747e-225,4582,SIDM00132,mofa_imputed
1094,0.44796961551776393,3.222310806417594e-225,4585,SIDM00513,mean
975,0.5150866581945259,7.757234498614233e-225,3326,SIDM00890,original
1150,0.5581366838018882,3.253082816753621e-224,2740,SIDM00349,original
884,0.4477358554588743,1.8904079728890156e-223,4554,SIDM00107,mean
676,0.4463384910313094,7.168913245456993e-223,4574,SIDM00672,vae_imputed
372,0.4457659093289775,9.10801716320678e-223,4585,SIDM00684,mofa_imputed
1240,0.5554792814241538,1.0515761348548969e-222,2753,SIDM01082,original
27,0.44629167044878837,1.5739325985384177e-222,4568,SIDM00675,mofa_imputed
1057,0.44547427840630943,1.916288381832822e-222,4585,SIDM00680,mofa_imputed
1143,0.44518848367274677,3.969419791034819e-222,4585,SIDM00957,move_diabetes_imputed
706,0.44524489776685894,4.7907097698006155e-222,4582,SIDM00594,vae_imputed
1120,0.5745971109976356,9.75748594499806e-222,2524,SIDM00486,original
1369,0.44451543245668473,3.456219976492614e-220,4560,SIDM01184,mean
579,0.4431158807904666,3.964427428917011e-220,4591,SIDM01147,mean
1196,0.443259270217171,6.619452714173689e-220,4583,SIDM00321,vae_imputed
246,0.4464828826224758,8.576027733606291e-220,4507,SIDM00333,vae_imputed
255,0.49301545795758384,9.525464912827929e-220,3598,SIDM00512,original
636,0.4427618788351076,1.3476985811250437e-219,4588,SIDM00909,vae_imputed
1324,0.44345429727605273,1.5054423581751627e-219,4571,SIDM00875,mean
459,0.4430032713898653,1.755386508790893e-219,4580,SIDM01023,mean
256,0.4425883387365909,2.5991614948689992e-219,4586,SIDM00512,vae_imputed
1065,0.5580042142298844,2.6556979037545995e-219,2681,SIDM00560,original
1390,0.5143197853435464,2.977211281304116e-219,3254,SIDM01164,original
488,0.4429810987301932,3.207019729535556e-219,4575,SIDM00849,move_diabetes_imputed
401,0.4420594159915305,2.931029156491986e-218,4576,SIDM00139,vae_imputed
1283,0.44263158111097434,4.437771397242731e-218,4559,SIDM00831,move_diabetes_imputed
360,0.5024590241529173,4.565687564159529e-218,3417,SIDM00841,original
1262,0.4425332138590736,5.680805082007189e-218,4559,SIDM00885,mofa_imputed
1352,0.441208699181349,6.070801881197206e-218,4589,SIDM00290,mofa_imputed
617,0.4416478961192168,7.397561657225228e-218,4577,SIDM01005,mofa_imputed
327,0.44139606139919046,1.3923739974712067e-217,4577,SIDM01008,mofa_imputed
1209,0.44102088197963074,2.0770572271300283e-217,4582,SIDM00097,mean
400,0.530134878901638,2.6378540074403473e-217,3003,SIDM00139,original
383,0.4408123625225938,7.47159775286834e-217,4575,SIDM00608,move_diabetes_imputed
1135,0.50315553346385,4.922469467468369e-216,3374,SIDM00284,original
1119,0.4396509169046279,5.175237876805815e-216,4584,SIDM00783,mean
1013,0.44021518690360206,8.783272161958875e-216,4566,SIDM00533,move_diabetes_imputed
826,0.43877289317137935,4.1603555295424105e-215,4585,SIDM01020,vae_imputed
628,0.43886547440903223,4.554116544512686e-215,4582,SIDM00080,move_diabetes_imputed
332,0.43958618326975285,8.933977671697351e-215,4559,SIDM00122,mofa_imputed
673,0.4397944687233927,9.115360988784161e-215,4554,SIDM00348,move_diabetes_imputed
1,0.43781237035328785,2.397255360443595e-214,4591,SIDM00855,vae_imputed
236,0.4377903818507597,1.2509116599566152e-213,4576,SIDM00250,vae_imputed
589,0.43689275006972195,3.235209190230146e-213,4588,SIDM01112,mean
875,0.5555805331538066,6.220335551263638e-213,2630,SIDM00586,original
540,0.5123823231608441,1.4091565059711827e-212,3182,SIDM00585,original
455,0.5244802826378784,1.5117362159851632e-212,3012,SIDM01023,original
1025,0.5545998099901512,2.837386459704169e-212,2633,SIDM00899,original
366,0.4349789106765486,5.529730152202449e-212,4606,SIDM00789,vae_imputed
802,0.4379057082443765,1.2641376885820926e-211,4530,SIDM01028,mofa_imputed
1054,0.4353658993120115,1.2691839888792384e-211,4589,SIDM00649,mean
596,0.43534605618675865,2.0299694540096244e-211,4585,SIDM00673,vae_imputed
29,0.4359433180479782,2.7963897062141776e-211,4568,SIDM00675,mean
308,0.4348675932186437,4.81274781463302e-211,4588,SIDM00833,move_diabetes_imputed
544,0.43472523063211865,6.152100022756553e-211,4589,SIDM00585,mean
0,0.5378464416296069,1.2133619692416465e-210,2812,SIDM00855,original
860,0.5503135686836172,1.4285692858763976e-210,2661,SIDM00866,original
335,0.505641988225553,2.0598125904178227e-210,3248,SIDM00527,original
1072,0.4353549822103237,3.059269319972065e-210,4559,SIDM00729,mofa_imputed
662,0.4364062460391664,4.975657309734696e-210,4530,SIDM00965,mofa_imputed
418,0.43508559721116785,5.917492478560426e-210,4559,SIDM00755,move_diabetes_imputed
397,0.43315575757338454,1.72281753945546e-209,4594,SIDM00803,mofa_imputed
37,0.43393258680464236,2.0669064005924168e-209,4574,SIDM00609,mofa_imputed
1328,0.4339662196246107,3.5622556092289247e-209,4568,SIDM00092,move_diabetes_imputed
486,0.433358568042449,7.57537370362526e-209,4575,SIDM00849,vae_imputed
272,0.4339602412878894,9.252704547989688e-209,4559,SIDM01150,mofa_imputed
707,0.43242446592463896,3.5778374057934415e-208,4582,SIDM00594,mofa_imputed
941,0.4325799913823406,1.583161646082819e-207,4564,SIDM00658,vae_imputed
78,0.4331741093533614,2.426700229928978e-207,4546,SIDM00392,move_diabetes_imputed
779,0.43151283858302547,3.292358186766285e-207,4582,SIDM00677,mean
1044,0.43193884704070384,4.9644701738374854e-207,4568,SIDM00548,mean
746,0.4309264460731004,1.3675724840165752e-206,4582,SIDM00132,vae_imputed
303,0.43095273506535137,2.3780109585137338e-206,4576,SIDM00105,move_diabetes_imputed
999,0.42975907865882795,1.6995216586218774e-205,4585,SIDM00426,mean
1260,0.47540018779225535,1.8997827696410885e-205,3654,SIDM00885,original
703,0.4296415570660542,2.0387259033577114e-205,4586,SIDM01000,move_diabetes_imputed
146,0.4317377170545809,4.535332687301517e-205,4529,SIDM01067,vae_imputed
774,0.4292915274886389,7.141373262431628e-205,4582,SIDM00336,mean
782,0.42820148633789556,4.9927995899199456e-203,4566,SIDM00339,mofa_imputed
226,0.42691078399710897,1.781910985297346e-202,4584,SIDM00136,vae_imputed
240,0.48507355170282984,2.5442010085432327e-202,3436,SIDM01055,original
1056,0.42652718636217324,4.0352507962508265e-202,4585,SIDM00680,vae_imputed
876,0.42766136240854546,4.51762941989505e-202,4557,SIDM00586,vae_imputed
759,0.4263011905661052,6.265205246641943e-202,4586,SIDM00779,mean
331,0.42741518255305133,6.641030539791816e-202,4559,SIDM00122,vae_imputed
270,0.5078104140067683,2.7748792150361513e-201,3075,SIDM01150,original
696,0.42794288224212834,3.5503434412585865e-201,4530,SIDM00689,vae_imputed
818,0.4284376182496827,1.1314287924445113e-200,4507,SIDM01182,move_diabetes_imputed
365,0.45753492347450553,1.2279152388762609e-200,3891,SIDM00789,original
1247,0.4251905360605511,1.614107141206904e-200,4580,SIDM00090,mofa_imputed
1426,0.42467922281442916,1.8199574960002613e-200,4591,SIDM00194,vae_imputed
846,0.426017791409967,3.04901603945423e-200,4554,SIDM00588,vae_imputed
1295,0.4895443701482601,1.120072276060021e-199,3320,SIDM00884,original
851,0.42452004929752796,1.181713453120592e-199,4576,SIDM00082,vae_imputed
1130,0.5097307661963575,2.2127173415221224e-199,3019,SIDM00702,original
1190,0.5477361015102875,4.423751214482908e-199,2543,SIDM00138,original
901,0.42585428981987494,4.971544847671073e-199,4530,SIDM00887,vae_imputed
282,0.4238545029824279,8.49664313739266e-199,4572,SIDM00151,mofa_imputed
616,0.42357199428413056,1.0096565541523462e-198,4577,SIDM01005,vae_imputed
395,0.48823974101036877,2.7274809024520293e-198,3317,SIDM00803,original
1444,0.42270287547682805,3.2359670110653138e-198,4586,SIDM00461,mean
1194,0.42320095464132057,1.4357857571790413e-197,4559,SIDM00138,mean
525,0.5000958385235561,5.183320876391748e-197,3118,SIDM00149,original
1187,0.42129383751315025,5.486663187726286e-197,4591,SIDM01031,mofa_imputed
1048,0.4203831775850284,5.661983702210831e-196,4589,SIDM00718,move_diabetes_imputed
186,0.42043682461194254,1.199254330333255e-195,4580,SIDM00499,vae_imputed
357,0.42131286733020884,1.2001687681164822e-195,4559,SIDM00778,mofa_imputed
379,0.4224875351270806,1.4693020423361747e-195,4529,SIDM00505,mean
1061,0.4216951707208648,9.290002052486486e-195,4529,SIDM00477,vae_imputed
437,0.418438789229884,1.0350411731771566e-194,4606,SIDM00832,mofa_imputed
473,0.420358785669798,1.1113900785127767e-194,4559,SIDM01040,move_diabetes_imputed
509,0.4189574557235824,1.3100126876779284e-194,4591,SIDM00405,mean
534,0.41941102783993406,2.138187263187084e-194,4575,SIDM00335,mean
396,0.4185478366234864,2.550588529084288e-194,4594,SIDM00803,vae_imputed
130,0.5347322669667234,6.089279294644507e-194,2623,SIDM00745,original
1131,0.41877989338839194,1.5050035852701772e-193,4570,SIDM00702,vae_imputed
721,0.418437789726172,1.8676343733647815e-193,4576,SIDM00237,vae_imputed
626,0.4179613076263484,3.1701714398303194e-193,4582,SIDM00080,vae_imputed
1314,0.41884552865078206,3.737756173294527e-193,4559,SIDM00589,mean
185,0.4775429307661658,3.8549600170433093e-193,3398,SIDM00499,original
824,0.42055220698838425,5.1509142804376285e-193,4515,SIDM01137,mean
1026,0.4175139335551469,6.099458214128751e-193,4586,SIDM00899,vae_imputed
1449,0.417254466428126,1.483865503785051e-192,4583,SIDM00865,mean
801,0.4190399803553247,3.9283103830504994e-192,4530,SIDM01028,vae_imputed
647,0.41639508701735717,1.1917934015039757e-191,4582,SIDM00798,mofa_imputed
485,0.5413352489220407,2.018155286569663e-191,2514,SIDM00849,original
10,0.46991984653983243,2.028666609551945e-191,3493,SIDM00703,original
554,0.41624276919426384,2.9999284935819565e-191,4576,SIDM00124,mean
790,0.4626212238157484,4.211960927236102e-191,3613,SIDM00487,original
1081,0.4185823292113226,5.269797829860107e-191,4514,SIDM01199,vae_imputed
1282,0.41655333715183074,7.418762518325059e-191,4559,SIDM00831,mofa_imputed
1079,0.41468457701188133,2.6161455222099125e-190,4591,SIDM00457,mean
51,0.414807445427848,3.8213616923402153e-190,4584,SIDM01105,vae_imputed
887,0.4158163903253941,4.873007715897354e-190,4557,SIDM00795,mofa_imputed
661,0.4167131240022953,8.189225219748871e-190,4530,SIDM00965,vae_imputed
288,0.4153925681992334,1.0643498606787083e-189,4559,SIDM01146,move_diabetes_imputed
1197,0.4143349338336402,1.2427019268536338e-189,4583,SIDM00321,mofa_imputed
12,0.4158962903791797,5.8113401549383936e-189,4529,SIDM00703,mofa_imputed
63,0.4138189875681992,2.0049064150807474e-188,4566,SIDM00942,move_diabetes_imputed
184,0.41371088452867333,2.1259712612581443e-188,4568,SIDM01124,mean
671,0.4140869186325954,3.36688874665927e-188,4554,SIDM00348,vae_imputed
962,0.41315802904845816,3.5424319870835325e-188,4576,SIDM01163,mofa_imputed
1273,0.41292154138355797,4.1776851895378643e-188,4580,SIDM00860,move_diabetes_imputed
1296,0.41353278763273493,4.6457962020951246e-188,4564,SIDM00884,vae_imputed
837,0.4132089608604368,1.4127947968029274e-187,4560,SIDM00924,mofa_imputed
635,0.470615891074451,1.5377631301858916e-187,3410,SIDM00909,original
844,0.4115198172734518,2.7648923721884236e-187,4594,SIDM00572,mean
423,0.4126295786278746,3.6248973955950624e-187,4564,SIDM00687,move_diabetes_imputed
1340,0.485343852825416,1.6134275046685824e-186,3161,SIDM00125,original
652,0.41277222482665804,6.916017041668276e-186,4529,SIDM01130,mofa_imputed
1250,0.4692413480639368,1.0230779455087548e-185,3399,SIDM00628,original
222,0.4109098360062382,2.828753556008423e-185,4559,SIDM00654,mofa_imputed
150,0.5053344605262942,3.011410657130215e-185,2860,SIDM00554,original
1297,0.41043249953499605,5.226772942368684e-185,4564,SIDM00884,mofa_imputed
221,0.40948315118567047,7.008199108517993e-184,4559,SIDM00654,vae_imputed
767,0.40976621783485223,1.2276348816077207e-183,4546,SIDM00547,mofa_imputed
116,0.40813543356998594,1.3374029652944976e-183,4585,SIDM01010,vae_imputed
1246,0.40816102652422037,1.9924403230120986e-183,4580,SIDM00090,vae_imputed
1351,0.40727126686780946,6.464225337100286e-183,4589,SIDM00290,vae_imputed
145,0.5066627043526134,8.01023241897278e-183,2805,SIDM01067,original
690,0.5081013358489226,1.172747252851626e-182,2784,SIDM01190,original
1280,0.4447702786811337,2.5136203200268572e-182,3764,SIDM00831,original
1033,0.40771105721358325,3.695489944319488e-182,4559,SIDM00850,move_diabetes_imputed
325,0.4690863907966377,5.169869302253719e-182,3333,SIDM01008,original
233,0.4067809934844055,1.0832114149940972e-181,4570,SIDM00973,move_diabetes_imputed
1039,0.40550586183834103,2.794067450612278e-181,4591,SIDM00629,mean
121,0.40652515881675994,5.179278806828381e-181,4559,SIDM00328,vae_imputed
239,0.40577101384844216,5.971401497258918e-181,4576,SIDM00250,mean
11,0.4076562885494242,6.398867798548034e-181,4529,SIDM00703,vae_imputed
468,0.40565642593787027,7.041358866199299e-181,4577,SIDM00120,move_diabetes_imputed
235,0.48069325543138397,8.816790811541111e-181,3131,SIDM00250,original
1070,0.4839031140574471,9.661800925511595e-181,3083,SIDM00729,original
541,0.4046735646945887,2.1317858155377654e-180,4589,SIDM00585,vae_imputed
1251,0.4058094262665722,2.3169104516416665e-180,4560,SIDM00628,vae_imputed
599,0.4042983956735563,7.011262652093055e-180,4585,SIDM00673,mean
1425,0.5255905477496274,7.282228465035537e-180,2532,SIDM00194,original
651,0.40641094636013986,1.0044077420989097e-179,4529,SIDM01130,vae_imputed
580,0.4737422708856144,1.4028712998520545e-179,3215,SIDM00506,original
122,0.40496286072649135,1.6508023359241395e-179,4559,SIDM00328,mofa_imputed
189,0.4040851491356857,1.7574066575866782e-179,4580,SIDM00499,mean
1258,0.40466849500925794,2.0214423627240305e-179,4564,SIDM00925,move_diabetes_imputed
1023,0.40348690867612846,3.238026056997319e-179,4588,SIDM01125,move_diabetes_imputed
825,0.4775619409052273,4.341727288232263e-179,3148,SIDM01020,original
1178,0.4038601152579567,5.899227228324304e-179,4572,SIDM00756,move_diabetes_imputed
276,0.4039198670329619,7.385717718972625e-179,4568,SIDM00371,vae_imputed
839,0.40419253713937314,8.265101508605001e-179,4560,SIDM00924,mean
204,0.40367948171639845,8.789007128212335e-179,4572,SIDM00345,mean
622,0.4034699622063893,1.5249937135896623e-178,4571,SIDM00748,mofa_imputed
584,0.4035468798827998,5.842538632371142e-178,4554,SIDM00506,mean
263,0.40263519888802224,6.151817069062515e-178,4576,SIDM01156,move_diabetes_imputed
339,0.4031294478672237,1.1191459382324863e-177,4557,SIDM00527,mean
1303,0.40288329795277855,1.608524168184248e-177,4559,SIDM00728,move_diabetes_imputed
1139,0.4035822552582592,5.00250800160801e-177,4529,SIDM00284,mean
356,0.40234356985530734,5.251256975476405e-177,4559,SIDM00778,vae_imputed
478,0.4041733750930226,1.279775538381983e-176,4504,SIDM01194,move_diabetes_imputed
717,0.4018325483834295,1.4709680060326257e-176,4560,SIDM01085,mofa_imputed
687,0.403478184467645,2.181584632435797e-176,4515,SIDM00498,mofa_imputed
237,0.4008665731300824,2.9788770721726024e-176,4576,SIDM00250,mofa_imputed
1152,0.40036425485280125,3.7233676487420805e-176,4586,SIDM00349,mofa_imputed
364,0.40111792445204886,9.117028372362225e-176,4557,SIDM00841,mean
24,0.40057391150870914,3.8768837399518824e-175,4554,SIDM01077,mean
967,0.398267059437246,1.8041219949104422e-174,4594,SIDM00791,mofa_imputed
2,0.39827340451709964,2.30634284196675e-174,4591,SIDM00855,mofa_imputed
954,0.3991609163376013,2.462031303382881e-174,4568,SIDM00108,mean
88,0.39842684218009694,2.5461405048250568e-174,4586,SIDM00582,move_diabetes_imputed
745,0.46585003994631224,9.900056428847402e-174,3230,SIDM00132,original
1453,0.3975507330605284,3.700559796577611e-173,4577,SIDM01072,move_diabetes_imputed
1100,0.4911030651211255,9.523584958772938e-173,2847,SIDM01027,original
1332,0.3989797877731354,9.873668194394995e-173,4530,SIDM01101,mofa_imputed
33,0.3977211723001253,1.108119229755972e-172,4560,SIDM01079,move_diabetes_imputed
950,0.48829815246213065,1.3836201626023963e-172,2882,SIDM00108,original
644,0.3987143270255057,6.412194475214255e-172,4515,SIDM01089,mean
444,0.3962142700944461,1.0146230721778274e-171,4572,SIDM00272,mean
52,0.39562133446102987,1.3042997947657765e-171,4584,SIDM01105,mofa_imputed
564,0.3949984524709044,3.2537633316345543e-171,4589,SIDM00522,mean
17,0.3946581253392485,4.423955550460779e-171,4594,SIDM01078,mofa_imputed
542,0.394236920019413,1.6683932257018437e-170,4589,SIDM00585,mofa_imputed
1062,0.3960883124158201,5.240875827183242e-170,4529,SIDM00477,mofa_imputed
1348,0.3934747664016257,5.5982448419843955e-170,4594,SIDM00419,move_diabetes_imputed
1281,0.3948520347026051,5.683290191851909e-170,4559,SIDM00831,vae_imputed
1071,0.3947670551344524,6.81324299932616e-170,4559,SIDM00729,vae_imputed
426,0.3934021743745612,1.6506880575699098e-169,4583,SIDM00872,vae_imputed
722,0.3925644709666701,1.7696547935397988e-168,4576,SIDM00237,mofa_imputed
177,0.3928276331358311,1.9789017817452395e-168,4568,SIDM00360,mofa_imputed
900,0.4642107829862825,2.997142610441255e-168,3152,SIDM00887,original
691,0.3929525443604833,4.91763909570299e-168,4554,SIDM01190,vae_imputed
163,0.39148027583364037,5.059818855438027e-168,4591,SIDM00716,move_diabetes_imputed
429,0.39172915570664113,5.810413496725132e-168,4583,SIDM00872,mean
845,0.4670734540034162,2.56881290341603e-167,3091,SIDM00588,original
1327,0.3914990265018896,3.3026802504124066e-167,4568,SIDM00092,mofa_imputed
960,0.46364477768516144,1.2376836461648268e-165,3111,SIDM01163,original
134,0.38957596569200065,1.8980289251065709e-165,4568,SIDM00745,mean
198,0.38941216237373316,2.0909930767198442e-165,4571,SIDM00771,move_diabetes_imputed
630,0.49717408329525936,2.261557626869031e-165,2648,SIDM01141,original
886,0.38949871002653824,5.524158274062692e-165,4557,SIDM00795,vae_imputed
1204,0.3883274951794957,6.457311278654053e-165,4585,SIDM00130,mean
1186,0.38807469403816264,6.720074175588298e-165,4591,SIDM01031,vae_imputed
1080,0.4585640475167958,8.554491950223196e-165,3173,SIDM01199,original
138,0.39012805214177715,1.376030202099942e-164,4530,SIDM00552,move_diabetes_imputed
1261,0.38869196213427537,2.5332747496324187e-164,4559,SIDM00885,vae_imputed
225,0.44769911064966805,3.147634989548964e-164,3337,SIDM00136,original
519,0.3880184813502838,4.204435077579882e-164,4570,SIDM01024,mean
435,0.4630104765967751,7.204582190415925e-164,3087,SIDM00832,original
836,0.3877745946563691,1.5820561507255077e-163,4560,SIDM00924,vae_imputed
169,0.3870243841721631,2.2268946971542383e-163,4575,SIDM01111,mean
645,0.45412732318236,2.8136632870520517e-163,3213,SIDM00798,original
4,0.38612763151825874,3.9486244784570126e-163,4591,SIDM00855,mean
1394,0.3892291399909622,5.934577806595228e-163,4507,SIDM01164,mean
835,0.48056974501102173,1.0844796521025958e-162,2816,SIDM00924,original
944,0.38655869580962565,1.4321805689232852e-162,4564,SIDM00658,mean
498,0.3856782293336014,1.7708782108924885e-162,4584,SIDM00534,move_diabetes_imputed
394,0.38560770356091156,2.409092412217102e-162,4582,SIDM00660,mean
738,0.38638807097961536,2.821041278277585e-162,4560,SIDM01066,move_diabetes_imputed
879,0.3864957313169764,2.877481456418859e-162,4557,SIDM00586,mean
847,0.38660166329318946,2.9461971631784908e-162,4554,SIDM00588,mofa_imputed
374,0.38515640114916233,4.82949920550026e-162,4585,SIDM00684,mean
800,0.45000569075640195,5.031054091982881e-162,3254,SIDM01028,original
1142,0.38508599447895975,5.589191452711395e-162,4585,SIDM00957,mofa_imputed
117,0.38504950256996856,6.028752942580182e-162,4585,SIDM01010,mofa_imputed
301,0.38486024749533354,1.838198037647338e-161,4576,SIDM00105,vae_imputed
425,0.4672623811308444,2.9591085855091043e-161,2975,SIDM00872,original
1104,0.38402482742827504,6.394568478328458e-161,4582,SIDM01027,mean
439,0.3830365175287983,7.292784691610483e-161,4606,SIDM00832,mean
275,0.45373576130405935,9.274415839621236e-161,3169,SIDM00371,original
639,0.383440956262792,1.3231185739580692e-160,4588,SIDM00909,mean
712,0.3837913564915322,1.9604740946198786e-160,4574,SIDM01110,mofa_imputed
781,0.3837476652285585,4.060422981426807e-160,4566,SIDM00339,vae_imputed
1185,0.4199360074276233,4.355163877036474e-160,3749,SIDM01031,original
35,0.475938396669753,7.566598278867618e-160,2828,SIDM00609,original
93,0.38477611225726677,3.1633139993348237e-159,4514,SIDM00449,move_diabetes_imputed
482,0.3849511078136004,3.8829062005237595e-159,4507,SIDM00615,mofa_imputed
1331,0.38402747505977614,4.0509010632599714e-159,4530,SIDM01101,vae_imputed
694,0.38227349919644193,2.1578184994618886e-158,4554,SIDM01190,mean
330,0.4257938015312053,5.8988036726778534e-158,3587,SIDM00122,original
489,0.38090816308356334,6.686995136125503e-158,4575,SIDM00849,mean
176,0.38075385771526604,1.5860426893283202e-157,4568,SIDM00360,vae_imputed
370,0.5033632253639946,2.3633224837502407e-157,2447,SIDM00684,original
124,0.3807767847619581,3.066206390369573e-157,4559,SIDM00328,mean
158,0.3797411961701396,3.299529374859201e-157,4585,SIDM00759,move_diabetes_imputed
1129,0.3799463675959782,8.18984835306827e-157,4568,SIDM00683,mean
1337,0.38235244953216924,9.603833046262406e-157,4504,SIDM00640,mofa_imputed
965,0.4371160419842409,1.433707396598225e-156,3354,SIDM00791,original
1016,0.37834934801617404,3.5053022704680527e-156,4591,SIDM00879,vae_imputed
982,0.37887301688187036,3.875153758160943e-156,4576,SIDM00618,mofa_imputed
16,0.3781443652198899,4.213253635703638e-156,4594,SIDM01078,vae_imputed
1417,0.37875487165729627,4.922927865349312e-156,4576,SIDM00614,mofa_imputed
1140,0.4524886008035309,1.352407737944678e-155,3085,SIDM00957,original
685,0.44177697757894774,2.326025721656986e-155,3250,SIDM00498,original
1047,0.3774697625664525,2.429031973926307e-155,4589,SIDM00718,mofa_imputed
1012,0.3783325804848721,2.5077328925072076e-155,4566,SIDM00533,mofa_imputed
142,0.3778235218382694,3.236223197427508e-155,4576,SIDM00581,mofa_imputed
1029,0.3769925728796599,8.0183181653496e-155,4586,SIDM00899,mean
54,0.3769341388287054,1.0517533982117607e-154,4584,SIDM01105,mean
120,0.46156108552909647,1.9223441901535543e-154,2928,SIDM00328,original
631,0.37697420338543874,1.9356183624461607e-154,4575,SIDM01141,vae_imputed
87,0.37618568418748843,4.07303185801381e-154,4586,SIDM00582,mofa_imputed
613,0.3761085840189461,9.457031573801115e-154,4577,SIDM00602,move_diabetes_imputed
981,0.37610372345215837,1.0307578971193194e-153,4576,SIDM00618,vae_imputed
1244,0.3764838019445633,1.6351466147890866e-153,4560,SIDM01082,mean
1201,0.3752056395316364,3.144272890013866e-153,4585,SIDM00130,vae_imputed
627,0.3752590826572447,3.548286980558801e-153,4582,SIDM00080,mofa_imputed
1299,0.37580751572513116,4.660555374546373e-153,4564,SIDM00884,mean
399,0.37448166402335437,6.77767460168374e-153,4594,SIDM00803,mean
1161,0.3746964073241084,6.944129378435392e-153,4588,SIDM00087,vae_imputed
1245,0.4654434758290643,1.0966233740015038e-152,2840,SIDM00090,original
141,0.37485341550324963,1.2595865096501298e-152,4576,SIDM00581,vae_imputed
549,0.3741201213150953,1.9632659573166072e-151,4559,SIDM00247,mean
302,0.37288941375145734,6.282750947788083e-151,4576,SIDM00105,mofa_imputed
355,0.43913941520298166,1.1426783508615563e-150,3193,SIDM00778,original
1015,0.42620706273683534,2.3410910842926322e-150,3405,SIDM00879,original
966,0.3714794709231094,2.6825504063401163e-150,4594,SIDM00791,vae_imputed
854,0.37202850173543206,3.457127686384586e-150,4576,SIDM00082,mean
1237,0.3728575636103108,3.4811565671526086e-150,4554,SIDM00926,mofa_imputed
140,0.4585505236224783,1.3718004258063887e-149,2877,SIDM00581,original
15,0.4371592215234759,1.5098967270568497e-149,3201,SIDM01078,original
127,0.37139859317855367,1.874162796439925e-149,4570,SIDM00715,mofa_imputed
1017,0.37054093132758414,2.144190696892598e-149,4591,SIDM00879,mofa_imputed
86,0.3707049034464,2.245997926428689e-149,4586,SIDM00582,vae_imputed
1060,0.4451860470466883,3.1520305359453093e-149,3067,SIDM00477,original
1177,0.3710038411482352,3.515733205180003e-149,4572,SIDM00756,mofa_imputed
780,0.440966375384344,7.4464661689453956e-149,3125,SIDM00339,original
291,0.37018465232474096,8.412493331287221e-149,4582,SIDM00088,vae_imputed
1195,0.42979632727495615,8.682621719858674e-149,3307,SIDM00321,original
629,0.3701058026073721,9.823946048280933e-149,4582,SIDM00080,mean
220,0.4125862029325217,3.2531337096749614e-148,3605,SIDM00654,original
404,0.3694808237589904,5.212655473772422e-148,4576,SIDM00139,mean
175,0.45052668504415117,6.902727263804605e-148,2959,SIDM00360,original
720,0.4307968667791118,7.511296476573917e-148,3269,SIDM00237,original
77,0.3699896220917843,1.7540563464681513e-147,4546,SIDM00392,mofa_imputed
829,0.36852304077887954,1.7588410479070568e-147,4585,SIDM01020,mean
961,0.36881900891264124,1.904206096945994e-147,4576,SIDM01163,vae_imputed
520,0.44271773181515117,4.0028452724359734e-147,3061,SIDM00429,original
1344,0.3698022686733715,8.838304958537756e-147,4529,SIDM00125,mean
304,0.36778281550169656,1.4387923972133928e-146,4576,SIDM00105,mean
980,0.4452527192067425,1.722865056135941e-146,3009,SIDM00618,original
1350,0.4359524253558412,2.1408760980846315e-146,3152,SIDM00290,original
480,0.4226898081215633,2.461142597271179e-146,3374,SIDM00615,original
252,0.3670183980413057,4.764212355059824e-146,4580,SIDM00921,mofa_imputed
750,0.4782878742777603,4.84782047226037e-146,2552,SIDM01108,original
292,0.3664186031404243,1.3220762873548918e-145,4582,SIDM00088,mofa_imputed
794,0.36914627788698606,1.9744854202856044e-145,4504,SIDM00487,mean
728,0.366022503253125,2.2967093293102627e-145,4585,SIDM00146,move_diabetes_imputed
1415,0.4292092077006599,5.601933396827409e-145,3231,SIDM00614,original
615,0.4409352963982027,8.679983054618248e-145,3039,SIDM01005,original
119,0.36527589327863175,9.754744263440662e-145,4585,SIDM01010,mean
1264,0.3659635189071785,1.6742786684884422e-144,4559,SIDM00885,mean
711,0.3653441032800564,1.8820422471515345e-144,4574,SIDM01110,vae_imputed
538,0.36585684869402546,1.9137756145347296e-144,4560,SIDM00933,move_diabetes_imputed
686,0.3674826640537498,2.1696306532604703e-144,4515,SIDM00498,vae_imputed
923,0.3648987414823808,2.3335765424641766e-144,4583,SIDM00369,move_diabetes_imputed
103,0.36550033357728406,2.4723114434903293e-144,4566,SIDM00937,move_diabetes_imputed
14,0.36650185830993753,5.171967626816659e-144,4529,SIDM00703,mean
1383,0.3641889285552572,7.40840358672025e-144,4586,SIDM00493,move_diabetes_imputed
348,0.3656005992591948,8.57465168110926e-144,4546,SIDM00144,move_diabetes_imputed
1272,0.36409017158575135,1.373870657635275e-143,4580,SIDM00860,mofa_imputed
300,0.42943041436589746,1.5162887287982467e-143,3195,SIDM00105,original
115,0.4355526843478498,1.7091369660252905e-143,3095,SIDM01010,original
274,0.3647075578189909,1.876221515069166e-143,4559,SIDM01150,mean
1055,0.4359371735480438,2.3288712919226243e-143,3086,SIDM00680,original
232,0.36414267868562744,2.531848972045023e-143,4570,SIDM00973,mofa_imputed
763,0.36407249999167857,2.6979678071659854e-143,4571,SIDM00210,move_diabetes_imputed
329,0.36348046045338445,5.487506489486395e-143,4577,SIDM01008,mean
524,0.36320871848670183,1.0647577433447466e-142,4575,SIDM00429,mean
1235,0.4199731825167901,1.19600847375551e-142,3335,SIDM00926,original
31,0.36367720317181723,1.2585332556929589e-142,4560,SIDM01079,vae_imputed
933,0.3641132607753078,1.4803010704539383e-142,4546,SIDM01026,move_diabetes_imputed
125,0.44676014909843936,4.0741759436322895e-142,2896,SIDM00715,original
290,0.42617921232182643,1.570884482800729e-141,3203,SIDM00088,original
1302,0.36189218513912635,4.061593996508404e-141,4559,SIDM00728,mofa_imputed
1010,0.4183946764640143,1.452393581888475e-140,3313,SIDM00533,original
1064,0.36231449335264265,1.5067927653709976e-140,4529,SIDM00477,mean
1141,0.35970437326364496,4.205492356909304e-140,4585,SIDM00957,vae_imputed
752,0.3621427827693649,5.992872962427286e-140,4514,SIDM01108,mofa_imputed
1419,0.35977970709157303,6.80929071792809e-140,4576,SIDM00614,mean
646,0.3593427236871565,1.0272337772246588e-139,4582,SIDM00798,vae_imputed
450,0.45794856223295394,1.2431548945055468e-139,2691,SIDM00685,original
1424,0.3586826227545965,2.2076356307372144e-139,4589,SIDM00676,mean
804,0.36036149498008635,5.570865204655584e-139,4530,SIDM01028,mean
50,0.4066844236958766,6.637709669335003e-139,3484,SIDM01105,original
76,0.3593557162466459,1.2122633253016921e-138,4546,SIDM00392,vae_imputed
766,0.3588800336495635,2.959358924380493e-138,4546,SIDM00547,vae_imputed
417,0.3583217296684498,3.44140707552392e-138,4559,SIDM00755,mofa_imputed
705,0.42687089235793585,4.2816641552432355e-138,3113,SIDM00594,original
1144,0.35716105762946565,5.114481828275049e-138,4585,SIDM00957,mean
1326,0.3576592936572956,6.425887365132548e-138,4568,SIDM00092,vae_imputed
451,0.35764112990011193,6.648544821478222e-138,4568,SIDM00685,vae_imputed
724,0.3572056504444727,8.70172084228084e-138,4576,SIDM00237,mean
414,0.35698469244501174,8.742261810006789e-138,4582,SIDM01030,mean
672,0.35788221677302073,1.1056594199001476e-137,4554,SIDM00348,mofa_imputed
259,0.3564105461428696,1.9537589449453248e-137,4586,SIDM00512,mean
885,0.4074130555685569,3.4181564273216524e-137,3427,SIDM00795,original
765,0.42510169872159753,3.749266988630037e-137,3120,SIDM00547,original
472,0.3560748473743325,2.2915950291553113e-136,4559,SIDM01040,mofa_imputed
1254,0.355824871472905,3.4091246986578917e-136,4560,SIDM00628,mean
1011,0.3554784723237796,4.324684645172805e-136,4566,SIDM00533,vae_imputed
1378,0.35423244890233363,1.1399653623396178e-135,4586,SIDM00334,move_diabetes_imputed
788,0.35505654105751827,1.4202023634211752e-135,4560,SIDM01002,move_diabetes_imputed
162,0.35391181469046173,1.4796544441928368e-135,4591,SIDM00716,mofa_imputed
1373,0.35406550925286795,1.9014006381973648e-135,4583,SIDM00742,move_diabetes_imputed
91,0.35653208808118564,2.0935805041428195e-135,4514,SIDM00449,vae_imputed
1389,0.35645696001768784,2.404936036299497e-135,4514,SIDM01139,mean
529,0.35384883849995435,5.940439601680494e-135,4572,SIDM00149,mean
1168,0.35223584045439077,4.608526835517758e-134,4586,SIDM00941,move_diabetes_imputed
849,0.3525753144195687,2.0659190654913545e-133,4554,SIDM00588,mean
92,0.3540163474690932,2.129814230002111e-133,4514,SIDM00449,mofa_imputed
650,0.4393932566146458,2.557666764445608e-133,2817,SIDM01130,original
1335,0.3836962357365398,5.056415158464802e-133,3785,SIDM00640,original
19,0.35031915142563397,9.271799366068936e-133,4594,SIDM01078,mean
715,0.42502462137121955,2.0339354337720787e-132,3012,SIDM01085,original
904,0.35185908284907474,3.760722453548624e-132,4530,SIDM00887,mean
1330,0.3913944455976522,5.788966710823297e-132,3596,SIDM01101,original
101,0.3501578561659804,7.805590694386029e-132,4566,SIDM00937,vae_imputed
334,0.3500932923483957,1.388778211381304e-131,4559,SIDM00122,mean
1249,0.3490037191482831,2.566636876317611e-131,4580,SIDM00090,mean
477,0.35165883027495004,3.02082546171938e-131,4504,SIDM01194,mofa_imputed
625,0.4226075748997864,6.52710739793502e-131,3015,SIDM00080,original
702,0.34789802479652643,1.3009110045709688e-130,4586,SIDM01000,mofa_imputed
1088,0.3473639059915452,2.4861247143591194e-130,4591,SIDM00903,move_diabetes_imputed
359,0.3480766301567793,5.391660477610383e-130,4559,SIDM00778,mean
1148,0.3471185545498508,5.7077585226352985e-130,4585,SIDM00368,move_diabetes_imputed
593,0.34963844987902426,6.002508172397543e-130,4514,SIDM00373,move_diabetes_imputed
114,0.34654127855049816,1.2556528484977616e-129,4589,SIDM00541,mean
660,0.4269136964139657,1.3650940082276242e-129,2918,SIDM00965,original
1336,0.3493732010743753,1.856780672986737e-129,4504,SIDM00640,vae_imputed
39,0.3467813067203399,2.1291682192325796e-129,4574,SIDM00609,mean
1046,0.3461649926248907,2.4794614755693252e-129,4589,SIDM00718,vae_imputed
1008,0.3488570526765708,3.854225534113004e-129,4507,SIDM00531,move_diabetes_imputed
251,0.3460425747516847,5.496535703132865e-129,4580,SIDM00921,vae_imputed
716,0.3463405403330732,1.1550045926226542e-128,4560,SIDM01085,vae_imputed
83,0.34619880286894755,1.4898760986161255e-128,4560,SIDM01087,move_diabetes_imputed
1271,0.3454676836304665,1.5476243398405075e-128,4580,SIDM00860,vae_imputed
427,0.34527357751000287,1.813052792838414e-128,4583,SIDM00872,mofa_imputed
695,0.41883741271511277,2.413005913548886e-128,3014,SIDM00689,original
369,0.3443028663722022,2.421326038007431e-128,4606,SIDM00789,mean
250,0.39364445494680633,3.552821797356668e-128,3448,SIDM00921,original
382,0.3449467177876063,5.42045197570993e-128,4575,SIDM00608,mofa_imputed
452,0.34487500060571874,9.60938410894263e-128,4568,SIDM00685,mofa_imputed
431,0.34383604695741554,2.1068991137014075e-127,4585,SIDM00437,vae_imputed
1022,0.3436672529491309,2.359398738352346e-127,4588,SIDM01125,mofa_imputed
1199,0.3436043760381874,3.61675912945015e-127,4583,SIDM00321,mean
36,0.3433817872183859,9.477220771965055e-127,4574,SIDM00609,vae_imputed
1059,0.3427929675993421,1.3581678893918103e-126,4585,SIDM00680,mean
701,0.3424942383245701,2.1728004880680246e-126,4586,SIDM01000,vae_imputed
1233,0.34538105207133657,2.2764948473270516e-126,4504,SIDM00950,move_diabetes_imputed
964,0.34280891185013074,2.319289056551603e-126,4576,SIDM01163,mean
481,0.3452491988967162,2.3750892931638185e-126,4507,SIDM00615,vae_imputed
1162,0.34217388970113055,3.392790048582041e-126,4588,SIDM00087,mofa_imputed
1175,0.38795992464315465,5.523127057610651e-126,3497,SIDM00756,original
1381,0.3419004989051739,6.250308373134156e-126,4586,SIDM00493,vae_imputed
421,0.3423003665648167,1.2115968278603224e-125,4564,SIDM00687,vae_imputed
1160,0.4201274233368941,2.3244861803790564e-125,2923,SIDM00087,original
1325,0.43180641505970463,2.8463666418131725e-125,2749,SIDM00092,original
307,0.3408515877569678,3.551301041304721e-125,4588,SIDM00833,mofa_imputed
279,0.3399781722233231,5.697337363101838e-124,4568,SIDM00371,mean
736,0.33824353886664793,1.9380274689839973e-122,4560,SIDM01066,vae_imputed
751,0.33976461662861646,2.288791022221187e-122,4514,SIDM01108,vae_imputed
244,0.339607437096725,3.0066027585760006e-122,4514,SIDM01055,mean
670,0.40434079453957017,4.463536687078476e-122,3095,SIDM00348,original
740,0.480608824337045,4.738882293434042e-122,2104,SIDM00485,original
649,0.33686042058114274,5.697980743627222e-122,4582,SIDM00798,mean
229,0.3367220004923873,6.428836272538042e-122,4584,SIDM00136,mean
294,0.33670555189536666,7.463394376838119e-122,4582,SIDM00088,mean
34,0.33727935293320316,1.0381696986680445e-121,4560,SIDM01079,mean
786,0.33623822829657607,6.315606036339906e-121,4560,SIDM01002,vae_imputed
471,0.3361362388430231,8.001108821275672e-121,4559,SIDM01040,vae_imputed
1239,0.33617029384965774,1.0186042950284007e-120,4554,SIDM00926,mean
1236,0.33592363314135376,1.5597277482261646e-120,4554,SIDM00926,vae_imputed
1452,0.33503074862594295,1.8439223810728425e-120,4577,SIDM01072,mofa_imputed
1256,0.3354257911345748,2.024654233201472e-120,4564,SIDM00925,vae_imputed
149,0.3364421035745606,2.865683983541286e-120,4529,SIDM01067,mean
1438,0.3369002738128737,3.030587626801736e-120,4515,SIDM00616,move_diabetes_imputed
1176,0.33455399891502585,5.6576905497905815e-120,4572,SIDM00756,vae_imputed
231,0.33395837368022646,1.7770682848489286e-119,4570,SIDM00973,vae_imputed
754,0.33583815349159696,1.9883365664500878e-119,4514,SIDM01108,mean
1154,0.3331734804681737,2.664340982768081e-119,4586,SIDM00349,mean
454,0.33344204555458734,4.856298204554784e-119,4568,SIDM00685,mean
1045,0.3951315653858545,9.929707530532623e-119,3164,SIDM00718,original
1158,0.3324815058397909,1.244557561852717e-118,4580,SIDM00301,move_diabetes_imputed
306,0.33206873630030975,1.580298161322443e-118,4588,SIDM00833,vae_imputed
620,0.3966736718820776,2.0165211253839153e-118,3129,SIDM00748,original
420,0.42878041471298534,2.2795279312820115e-118,2636,SIDM00687,original
1409,0.3345236027755359,2.841768564978916e-118,4507,SIDM01062,mean
1112,0.33161667464087263,4.329701901663342e-118,4584,SIDM00494,mofa_imputed
144,0.3318378245783704,4.733464137843433e-118,4576,SIDM00581,mean
214,0.33128099247412146,5.1120009299234125e-118,4591,SIDM00749,mean
1032,0.3322718971662178,6.10210996656656e-118,4559,SIDM00850,mofa_imputed
161,0.3309578668483416,8.881904055899087e-118,4591,SIDM00716,vae_imputed
1257,0.33173238374452496,1.1422752467457031e-117,4564,SIDM00925,mofa_imputed
784,0.331483328049777,1.5534396408424543e-117,4566,SIDM00339,mean
1416,0.33066754005932325,3.4809129443438124e-117,4576,SIDM00614,vae_imputed
769,0.3308493649447278,1.458632215561073e-116,4546,SIDM00547,mean
1134,0.3297461132666047,2.3525100747477084e-116,4570,SIDM00702,mean
1192,0.3290930524545196,1.3349172340574526e-115,4559,SIDM00138,mofa_imputed
621,0.3283074512233045,2.521686769614883e-115,4571,SIDM00748,vae_imputed
864,0.3285920492362208,3.102437552193245e-115,4559,SIDM00866,mean
1074,0.328423081363693,4.121620033488416e-115,4559,SIDM00729,mean
710,0.3837779021485439,4.283087793764147e-115,3266,SIDM01110,original
32,0.32737162831083894,2.2715141705318597e-114,4560,SIDM01079,mofa_imputed
1301,0.3271155432042007,3.690282657124571e-114,4559,SIDM00728,vae_imputed
1007,0.32848604262889003,7.259026304197764e-114,4507,SIDM00531,mofa_imputed
102,0.3263763713669433,8.54322310564591e-114,4566,SIDM00937,mofa_imputed
1164,0.32540384044977017,1.2590452133574948e-113,4588,SIDM00087,mean
85,0.42766046051458384,1.214554071229092e-112,2521,SIDM00582,original
1284,0.32489234874396566,1.4961036335389046e-112,4559,SIDM00831,mean
568,0.32369174831277636,1.5660792524199078e-112,4594,SIDM00847,move_diabetes_imputed
664,0.32575405960924997,1.824507951963429e-112,4530,SIDM00965,mean
62,0.32419683356114304,3.206887292034288e-112,4566,SIDM00942,mofa_imputed
1111,0.322698216740044,1.414048819426973e-111,4584,SIDM00494,vae_imputed
1354,0.32214898943458237,2.6623836814666355e-111,4589,SIDM00290,mean
1255,0.3727346570042368,4.5500622242978304e-111,3355,SIDM00925,original
817,0.32425651823261514,7.748427725054452e-111,4507,SIDM01182,mofa_imputed
893,0.3213475317913228,1.463434206871585e-110,4582,SIDM00402,move_diabetes_imputed
1084,0.3236277633344504,1.4681430083183e-110,4514,SIDM01199,mean
1110,0.3870376064049468,1.4938254550221773e-110,3078,SIDM00494,original
1030,0.40979730953321614,1.6825056719956538e-110,2716,SIDM00850,original
287,0.3214751020015563,4.1701622371932136e-110,4559,SIDM01146,mofa_imputed
1124,0.3208424010507474,4.65131122367084e-110,4576,SIDM00486,mean
470,0.38742024294628613,7.261709276170141e-110,3052,SIDM01040,original
654,0.32199893703713933,9.15994606683651e-110,4529,SIDM01130,mean
674,0.3206350037102168,2.1599562356376804e-109,4554,SIDM00348,mean
249,0.3217195692605559,4.813918616014041e-109,4507,SIDM00333,mean
1020,0.35940359798847843,5.503602009462337e-109,3559,SIDM01125,original
61,0.31930880304259374,9.77298402864764e-109,4566,SIDM00942,vae_imputed
1268,0.319588244296656,1.0082856710152879e-108,4557,SIDM00797,move_diabetes_imputed
466,0.3183110840731148,2.738374081571756e-108,4577,SIDM00120,vae_imputed
89,0.31798971987590186,2.8522680915675772e-108,4586,SIDM00582,mean
137,0.3197440364575387,3.366975751041549e-108,4530,SIDM00552,mofa_imputed
1413,0.3183409617781665,3.409364791175095e-108,4572,SIDM00740,move_diabetes_imputed
1334,0.3194005691637811,5.86276298892531e-108,4530,SIDM01101,mean
1304,0.31837708440204404,6.4498139868912764e-108,4559,SIDM00728,mean
173,0.31799747619762103,6.62016695972676e-108,4570,SIDM00645,move_diabetes_imputed
347,0.3180691040225719,2.125644579656692e-107,4546,SIDM00144,mofa_imputed
465,0.36772712409317576,1.226152721752956e-106,3314,SIDM00120,original
969,0.3150453654422161,2.1833771296581496e-106,4594,SIDM00791,mean
1347,0.31430456158006886,7.180112926985617e-106,4594,SIDM00419,mofa_imputed
1014,0.3150662672514942,9.151580551074914e-106,4566,SIDM00533,mean
496,0.3140917192364109,1.699855634182208e-105,4584,SIDM00534,vae_imputed
1279,0.31442797928570176,2.816247535093956e-105,4564,SIDM00812,mean
714,0.31399770006841354,3.3235112896519092e-105,4574,SIDM01110,mean
415,0.3822250938505375,3.300396470818075e-104,2978,SIDM00755,original
1019,0.3114069844100537,8.52599418523363e-104,4591,SIDM00879,mean
709,0.3111403662394663,2.0590883903626363e-103,4582,SIDM00594,mean
737,0.3117465505329721,2.4346447464953236e-103,4560,SIDM01066,mofa_imputed
921,0.3099062513052947,1.3709388661415173e-102,4583,SIDM00369,vae_imputed
789,0.31022562945549637,2.661195665773306e-102,4560,SIDM01002,mean
1021,0.3093185688183878,2.684036461845913e-102,4588,SIDM01125,vae_imputed
1228,0.30846601536882,2.397257409114793e-101,4571,SIDM00711,move_diabetes_imputed
727,0.3078543898084426,3.0934859376668745e-101,4585,SIDM00146,mofa_imputed
497,0.3075455264387633,5.26559152457417e-101,4584,SIDM00534,mofa_imputed
285,0.36086814352287155,5.740558340561706e-101,3264,SIDM01146,original
787,0.3079413497093622,9.407975481333931e-101,4560,SIDM01002,mofa_imputed
75,0.36597201414134956,2.616912864868607e-100,3146,SIDM00392,original
816,0.3083050195343041,7.584130546560443e-100,4507,SIDM01182,vae_imputed
1300,0.3663444533105354,9.015924106733043e-100,3122,SIDM00728,original
381,0.3058924253795781,1.0713956946252844e-99,4575,SIDM00608,vae_imputed
1346,0.3044932607252358,3.6708295898866605e-99,4594,SIDM00419,vae_imputed
160,0.3559798374655875,6.556222661459553e-99,3291,SIDM00716,original
700,0.34879749307032504,8.242172799390883e-99,3434,SIDM01000,original
230,0.36468393267920995,1.5336492063601934e-98,3113,SIDM00973,original
785,0.4210638434219445,3.0607933837134716e-98,2270,SIDM01002,original
30,0.36480103115432183,4.13340419667128e-98,3097,SIDM01079,original
1270,0.35887396068287475,4.361076643675142e-98,3207,SIDM00860,original
891,0.30278513818857467,9.072213668302192e-98,4582,SIDM00402,vae_imputed
305,0.3470424185358749,1.2398016299501564e-97,3429,SIDM00833,original
79,0.30332447207404034,2.265515591699421e-97,4546,SIDM00392,mean
467,0.3023142713043764,2.3691832905630096e-97,4577,SIDM00120,mofa_imputed
699,0.30356376001506014,3.417081879154668e-97,4530,SIDM00689,mean
81,0.3015394869955403,1.7371246242423525e-96,4560,SIDM01087,vae_imputed
197,0.30015319733292456,8.385377635786298e-96,4571,SIDM00771,mofa_imputed
591,0.30179347851410226,1.0683310243833126e-95,4514,SIDM00373,vae_imputed
179,0.30002370609417217,1.1749986774547232e-95,4568,SIDM00360,mean
1031,0.2999210514552131,2.098577887131469e-95,4559,SIDM00850,vae_imputed
1450,0.3577338226032836,3.1534970126706345e-95,3133,SIDM01072,original
889,0.2996650563746383,3.389504915146149e-95,4557,SIDM00795,mean
343,0.29876274260739444,3.881030128934627e-95,4583,SIDM00148,move_diabetes_imputed
262,0.29848779096836586,8.144536862844158e-95,4576,SIDM01156,mofa_imputed
920,0.3519999140199909,9.853812146462499e-95,3226,SIDM00369,original
1259,0.29759995715167376,5.385917253660622e-94,4564,SIDM00925,mean
309,0.2967221994887238,6.575414637289843e-94,4588,SIDM00833,mean
924,0.2967575221167664,7.857892798799173e-94,4583,SIDM00369,mean
476,0.29877210019622685,1.5509470221901917e-93,4504,SIDM01194,vae_imputed
218,0.29596377075360836,3.541629823090417e-93,4576,SIDM01191,move_diabetes_imputed
1006,0.29744496353287514,9.572250317539146e-93,4507,SIDM00531,vae_imputed
1167,0.29473664348165063,1.386610021294348e-92,4586,SIDM00941,mofa_imputed
919,0.2949312118136109,1.5662689829452725e-92,4577,SIDM00856,mean
984,0.2947883176999496,2.0255861911545e-92,4576,SIDM00618,mean
416,0.295300081160131,2.064810273344927e-92,4559,SIDM00755,vae_imputed
126,0.2946809239431023,3.120363719555602e-92,4570,SIDM00715,vae_imputed
1374,0.2933630785912973,1.2103887640705135e-91,4583,SIDM00742,mean
424,0.2934545299547478,2.4934980815351527e-91,4564,SIDM00687,mean
1108,0.2920242001659445,2.53085722859572e-90,4559,SIDM00743,move_diabetes_imputed
1114,0.2907374968835201,5.4374588927099905e-90,4584,SIDM00494,mean
58,0.29086943086487405,6.3935631967867725e-90,4576,SIDM00306,move_diabetes_imputed
224,0.2912890928910981,7.381058149461945e-90,4559,SIDM00654,mean
1219,0.2906089219251482,9.342804720099049e-90,4576,SIDM00277,mean
195,0.3374271878478442,2.4515823951427332e-89,3325,SIDM00771,original
60,0.33062847453360533,3.83896482472152e-89,3464,SIDM00942,original
537,0.29007907940246636,4.084473126356742e-89,4560,SIDM00933,mofa_imputed
135,0.34074680569088933,6.812790404606369e-89,3240,SIDM00552,original
739,0.2897193267559421,6.871662410888924e-89,4560,SIDM01066,mean
1274,0.28896135851771443,8.558002792850871e-89,4580,SIDM00860,mean
136,0.2903354235087982,1.0593521060845629e-88,4530,SIDM00552,vae_imputed
948,0.28880177946876756,1.2836499363571906e-88,4576,SIDM00545,move_diabetes_imputed
1107,0.2891902067999629,1.5408592717973414e-88,4559,SIDM00743,mofa_imputed
1166,0.28805971048826484,2.425149696608053e-88,4586,SIDM00941,vae_imputed
469,0.28809708243764776,3.3968174595231934e-88,4577,SIDM00120,mean
815,0.3291871247990157,4.875186672595471e-88,3452,SIDM01182,original
432,0.2870115212314551,1.1458266184404471e-87,4585,SIDM00437,mofa_imputed
619,0.286859192356834,2.0123425984764924e-87,4577,SIDM01005,mean
82,0.28565875779624084,2.3134577172497868e-86,4560,SIDM01087,mofa_imputed
380,0.335811543230071,2.4352816612670784e-86,3244,SIDM00608,original
892,0.2843686921274272,5.682493317169144e-86,4582,SIDM00402,mofa_imputed
1451,0.28441315574558745,6.590593885652258e-86,4577,SIDM01072,vae_imputed
254,0.2841430612235558,8.517721603899484e-86,4580,SIDM00921,mean
157,0.2830822212972742,3.101149251986402e-85,4585,SIDM00759,mofa_imputed
890,0.32689444505862775,4.001322142253008e-85,3385,SIDM00402,original
100,0.3528634377600764,4.634997450161094e-85,2875,SIDM00937,original
1358,0.2823920327447305,6.399861833063699e-85,4591,SIDM01193,move_diabetes_imputed
139,0.2838065454472616,1.1262157325571646e-84,4530,SIDM00552,mean
129,0.2824775248585192,1.3612617604381281e-84,4570,SIDM00715,mean
345,0.3307181000078937,3.364906067777635e-84,3266,SIDM00144,original
1339,0.28364983351277767,4.185633232013118e-84,4504,SIDM00640,mean
1370,0.3266014175089185,1.3656159148297144e-83,3329,SIDM00742,original
726,0.28034813630924804,1.4485230464764445e-83,4585,SIDM00146,vae_imputed
171,0.28006863259838816,3.9563864873974785e-83,4570,SIDM00645,vae_imputed
735,0.31874219691146377,7.135401117377728e-83,3474,SIDM01066,original
90,0.328085593697564,2.6415812619473307e-81,3205,SIDM00449,original
1371,0.2763899079751052,3.79303583458111e-81,4583,SIDM00742,vae_imputed
894,0.2759086171263796,7.6424103879482935e-81,4582,SIDM00402,mean
475,0.3285637011209029,1.2498007070510208e-80,3168,SIDM01194,original
433,0.27521692576233076,1.750414297674438e-80,4585,SIDM00437,move_diabetes_imputed
974,0.27493999318658724,2.0179910561714905e-80,4591,SIDM01188,mean
196,0.27530543903204185,2.6965519444360237e-80,4571,SIDM00771,vae_imputed
725,0.30869832109970113,2.997839318882518e-80,3596,SIDM00146,original
164,0.2746272232321739,3.095170756966691e-80,4591,SIDM00716,mean
1105,0.32169548896167494,4.105086250525757e-80,3291,SIDM00743,original
1372,0.2745723995536363,4.568395233506759e-80,4583,SIDM00742,mofa_imputed
1382,0.27410742201406124,7.654406860942347e-80,4586,SIDM00493,mofa_imputed
1024,0.27390485349419,9.326882230943187e-80,4588,SIDM01125,mean
1087,0.2726729016658243,4.424765651733428e-79,4591,SIDM00903,mofa_imputed
286,0.2733796160662064,5.895405219400165e-79,4559,SIDM01146,vae_imputed
234,0.27257105039351553,1.145147840426909e-78,4570,SIDM00973,mean
208,0.272294913843102,1.7949748768503154e-78,4568,SIDM00997,move_diabetes_imputed
349,0.27277548424893644,2.2037461546007705e-78,4546,SIDM00144,mean
346,0.2727183452157229,2.3794619250863145e-78,4546,SIDM00144,vae_imputed
922,0.271441616143705,3.17796446912467e-78,4583,SIDM00369,mofa_imputed
749,0.270916284323665,6.691209027316017e-78,4582,SIDM00132,mean
1356,0.27018769683631794,1.262271946192593e-77,4591,SIDM01193,vae_imputed
499,0.2702224313875694,1.5721820860650238e-77,4584,SIDM00534,mean
719,0.27055711646647396,2.506064075464467e-77,4560,SIDM01085,mean
1106,0.2705644819692555,2.5779803340958872e-77,4559,SIDM00743,vae_imputed
1049,0.2696161957958796,2.9275664211491632e-77,4589,SIDM00718,mean
174,0.2701112187594636,3.1056285380541105e-77,4570,SIDM00645,mean
474,0.26978892970889,7.242053734198315e-77,4559,SIDM01040,mean
495,0.3218523282543053,7.769687417971408e-77,3150,SIDM00534,original
422,0.26942550529083875,9.716284274103293e-77,4564,SIDM00687,mofa_imputed
689,0.26997413341894483,3.006355032753174e-76,4515,SIDM00498,mean
419,0.26736414642692985,1.789841148866682e-75,4559,SIDM00755,mean
611,0.266149649217555,4.540002593478209e-75,4577,SIDM00602,vae_imputed
1232,0.26793757250122097,6.562403477756211e-75,4504,SIDM00950,mofa_imputed
1286,0.26517324364349654,3.155027020209612e-74,4559,SIDM00826,vae_imputed
64,0.2640891920252077,1.0024198341991556e-73,4566,SIDM00942,mean
535,0.29123874699532404,1.6865740470645103e-73,3713,SIDM00933,original
1157,0.2631962331611062,1.9279748830493585e-73,4580,SIDM00301,mofa_imputed
612,0.26319156750797906,2.1609164870296863e-73,4577,SIDM00602,mofa_imputed
536,0.26322566732644115,3.813238656731369e-73,4560,SIDM00933,vae_imputed
342,0.261693991303373,1.2107668524411866e-72,4583,SIDM00148,mofa_imputed
1454,0.2613660891478332,2.2867147284635467e-72,4577,SIDM01072,mean
261,0.26099843196073313,3.801435153312027e-72,4576,SIDM01156,vae_imputed
341,0.2604469650195936,6.028419860221468e-72,4583,SIDM00148,vae_imputed
199,0.2601480323258914,1.3487270746239437e-71,4571,SIDM00771,mean
1189,0.25939699675316547,1.749271385582824e-71,4591,SIDM01031,mean
448,0.25942551612281345,2.309880778753042e-71,4582,SIDM00084,move_diabetes_imputed
1329,0.2597756266640741,2.4111492685045065e-71,4568,SIDM00092,mean
318,0.25923133426804207,4.499199136510232e-71,4570,SIDM00874,move_diabetes_imputed
1034,0.25916450934763824,7.1891972771363785e-71,4559,SIDM00850,mean
155,0.30089553401645963,3.104290389901514e-70,3310,SIDM00759,original
1288,0.25750786013577853,5.848010880129286e-70,4559,SIDM00826,move_diabetes_imputed
1069,0.25721414067179416,8.46671251681013e-70,4559,SIDM00560,mean
206,0.256607548262417,1.3347605194645574e-69,4568,SIDM00997,vae_imputed
594,0.2579377274838641,1.6081872085622957e-69,4514,SIDM00373,mean
1179,0.2562240863591847,1.8861606376943108e-69,4572,SIDM00756,mean
170,0.3004068527918098,1.9098473730474948e-69,3283,SIDM00645,original
94,0.25756807947689875,2.5523617570635026e-69,4514,SIDM00449,mean
156,0.25524818628635765,4.1345277770494906e-69,4585,SIDM00759,vae_imputed
289,0.255810263886043,4.931315690358052e-69,4559,SIDM01146,mean
566,0.25465905865278976,6.392935602373641e-69,4594,SIDM00847,vae_imputed
1145,0.29719756065617164,2.4159891797630684e-68,3303,SIDM00368,original
932,0.2548510567498965,2.5309337846867946e-68,4546,SIDM01026,mofa_imputed
172,0.2533428156289973,7.370509892777621e-68,4570,SIDM00645,mofa_imputed
104,0.2533919984264766,7.921845296072722e-68,4566,SIDM00937,mean
592,0.2546266866981538,9.808266444284149e-68,4514,SIDM00373,mofa_imputed
1429,0.25254320477193204,9.908838892119313e-68,4591,SIDM00194,mean
1147,0.25196972041032073,2.458409701917242e-67,4585,SIDM00368,mofa_imputed
590,0.3172647493200452,5.394039669227784e-67,2821,SIDM00373,original
762,0.25127640910310606,9.151164314796264e-67,4571,SIDM00210,mofa_imputed
384,0.2510620987876182,1.0449793181073808e-66,4575,SIDM00608,mean
1184,0.2504136306312035,1.620326965250704e-66,4586,SIDM01033,mean
260,0.28666208556669254,4.0091635085361714e-66,3443,SIDM01156,original
84,0.2492555680528643,1.5463148507671884e-65,4560,SIDM01087,mean
624,0.2480828730198228,4.512176711818747e-65,4571,SIDM00748,mean
704,0.2468738861270742,1.2116932962084256e-64,4586,SIDM01000,mean
1109,0.2475570699791277,1.2478003246452235e-64,4559,SIDM00743,mean
946,0.24552680258371756,8.396498007318622e-64,4576,SIDM00545,vae_imputed
819,0.24640251832460108,2.5638423246381593e-63,4507,SIDM01182,mean
567,0.2441124718363908,2.61380369698144e-63,4594,SIDM00847,mofa_imputed
1165,0.298851542532657,8.397619997953439e-63,2993,SIDM00941,original
1293,0.24369433827257692,1.8821899106655257e-62,4546,SIDM01165,move_diabetes_imputed
1289,0.2430214366749562,2.7983289544575448e-62,4559,SIDM00826,mean
434,0.2419699586179186,4.396030686323328e-62,4585,SIDM00437,mean
1345,0.29864432034579824,8.896874646878306e-62,2947,SIDM00419,original
1156,0.24047239860711184,2.97904225682422e-61,4580,SIDM00301,vae_imputed
1380,0.3078307993683671,5.7998891812867586e-61,2728,SIDM00493,original
1231,0.2404907005647075,2.828486507740757e-60,4504,SIDM00950,vae_imputed
1226,0.2386942957053802,3.0967391716462095e-60,4571,SIDM00711,vae_imputed
1086,0.23761062444028494,6.059380018671584e-60,4591,SIDM00903,vae_imputed
539,0.23758041548233355,1.5495613660286385e-59,4560,SIDM00933,mean
569,0.23650815579357043,1.9891784509974034e-59,4594,SIDM00847,mean
1146,0.23654092171525204,2.4842273144879115e-59,4585,SIDM00368,vae_imputed
949,0.23616881345350582,4.9415744241414335e-59,4576,SIDM00545,mean
209,0.23626333304174962,5.583144399600624e-59,4568,SIDM00997,mean
1085,0.2814454245256492,7.513059304346481e-59,3173,SIDM00903,original
761,0.23239713920321559,4.155142666984552e-57,4571,SIDM00210,vae_imputed
484,0.2332719192671552,9.338465746856349e-57,4507,SIDM00615,mean
80,0.2931568200912036,1.699346189122781e-56,2794,SIDM01087,original
729,0.23078861129439632,1.7203353831749713e-56,4585,SIDM00146,mean
207,0.230474631165244,3.896862378438734e-56,4568,SIDM00997,mofa_imputed
565,0.2708166490388306,1.127471038709904e-54,3186,SIDM00847,original
1357,0.2255342640552091,4.9479774745223777e-54,4591,SIDM01193,mofa_imputed
1285,0.2875474720307517,6.446111108906585e-54,2772,SIDM00826,original
1377,0.2250241695327517,9.847371901678053e-54,4586,SIDM00334,mofa_imputed
744,0.22453675169808912,2.4727827972864194e-53,4571,SIDM00485,mean
1384,0.22215318699041098,2.2081942235374292e-52,4586,SIDM00493,mean
316,0.2215923189244629,6.044728522496545e-52,4570,SIDM00874,vae_imputed
610,0.2547239275066301,6.373329195280007e-52,3429,SIDM00602,original
319,0.2200571281221157,3.1002052964144004e-51,4570,SIDM00874,mean
1155,0.24793589292737236,7.111367031550124e-51,3550,SIDM00301,original
1005,0.2795099035066904,2.34665056077466e-50,2740,SIDM00531,original
1266,0.21840704950429904,2.43845286151046e-50,4557,SIDM00797,vae_imputed
1359,0.2175424800845558,2.6344069193625374e-50,4591,SIDM01193,mean
1436,0.21921180345210622,2.956719108470596e-50,4515,SIDM00616,vae_imputed
205,0.2573649298013515,4.811248654532806e-50,3231,SIDM00997,original
1149,0.21680594493114463,6.60269744202216e-50,4585,SIDM00368,mean
614,0.21685770152974576,7.589862668375451e-50,4577,SIDM00602,mean
1225,0.2522903100750109,3.466195041258656e-49,3307,SIDM00711,original
1292,0.21597709063939002,4.00200517087676e-49,4546,SIDM01165,mofa_imputed
1287,0.2154959086437573,4.822236400568156e-49,4559,SIDM00826,mofa_imputed
159,0.21484612485938503,5.089199458323404e-49,4585,SIDM00759,mean
1230,0.2410246115541695,9.851187457944988e-49,3599,SIDM00950,original
1227,0.21450459275604106,1.0096574635753573e-48,4571,SIDM00711,mofa_imputed
1169,0.21376177987204908,1.525489750291915e-48,4586,SIDM00941,mean
154,0.21384379808555987,2.3513045309212196e-48,4564,SIDM00554,mean
1229,0.2132957840203657,3.501651043293394e-48,4571,SIDM00711,mean
430,0.372661135611251,4.457165831983824e-48,1422,SIDM00437,original
931,0.2119685162848441,2.422295030236006e-47,4546,SIDM01026,vae_imputed
1267,0.2115067426059915,3.00147575400758e-47,4557,SIDM00797,mofa_imputed
216,0.2109582510482218,3.3855662127755114e-47,4576,SIDM01191,vae_imputed
833,0.21094233936806703,4.960645667489114e-47,4560,SIDM00355,move_diabetes_imputed
1308,0.21068602760750857,5.116022048137097e-47,4570,SIDM00734,move_diabetes_imputed
1355,0.2686789713216924,1.8612348575296333e-46,2736,SIDM01193,original
56,0.20628684125975047,3.658436615544556e-45,4576,SIDM00306,vae_imputed
59,0.205072225494179,1.213436790916927e-44,4576,SIDM00306,mean
217,0.20463304085549697,1.8684673214929359e-44,4576,SIDM01191,mofa_imputed
1437,0.20453627455106677,7.615368660705946e-44,4515,SIDM00616,mofa_imputed
1089,0.20247139368842032,1.1242053971874775e-43,4591,SIDM00903,mean
1349,0.20190597003715888,1.8295607632279356e-43,4594,SIDM00419,mean
344,0.20042489042268813,9.620489303362816e-43,4583,SIDM00148,mean
1291,0.20089913764071782,1.3111518742653158e-42,4546,SIDM01165,vae_imputed
760,0.24135944318641298,2.1335912123092893e-42,3105,SIDM00210,original
1376,0.19864909595673808,4.952660989206183e-42,4586,SIDM00334,vae_imputed
1375,0.22361233278431858,1.2212604812860405e-41,3565,SIDM00334,original
930,0.22594351340391833,1.2859065930174574e-41,3488,SIDM01026,original
446,0.19638881624681026,4.560167701625555e-41,4582,SIDM00084,vae_imputed
315,0.24659830275452227,4.631302212224348e-41,2873,SIDM00874,original
340,0.2463251429788123,1.7684159871213627e-40,2837,SIDM00148,original
479,0.19643833553102855,2.036892668729314e-40,4504,SIDM01194,mean
634,0.19488113647584537,2.1453908467573436e-40,4575,SIDM01141,mean
55,0.2308906515181032,3.2529442524893714e-40,3219,SIDM00306,original
873,0.19281720719149428,1.1327495144609442e-39,4588,SIDM00475,move_diabetes_imputed
1411,0.19261791884503776,1.845560798924337e-39,4572,SIDM00740,vae_imputed
447,0.18992406224849234,1.7922909610546725e-38,4582,SIDM00084,mofa_imputed
388,0.18875312486789209,4.894064764478915e-38,4585,SIDM00678,move_diabetes_imputed
1412,0.1851751962414911,1.5019853693884495e-36,4572,SIDM00740,mofa_imputed
945,0.23002643560772887,3.7339146699955725e-36,2902,SIDM00545,original
57,0.1830495062723806,9.033068710340801e-36,4576,SIDM00306,mofa_imputed
1435,0.217123451615961,1.078891784472505e-35,3223,SIDM00616,original
264,0.18096336121371237,5.505991874791491e-35,4576,SIDM01156,mean
215,0.22501525273230708,8.64935760324884e-35,2916,SIDM01191,original
1309,0.17941204948395795,2.297943874233455e-34,4570,SIDM00734,mean
1234,0.1790904032111692,8.9249270456146e-34,4504,SIDM00950,mean
1159,0.17629906075276297,2.7169209648810954e-33,4580,SIDM00301,mean
1290,0.22904289412299317,1.4869435564965403e-32,2622,SIDM01165,original
1307,0.17398073387656138,2.186645133687254e-32,4570,SIDM00734,mofa_imputed
1305,0.19845548861229062,4.570896421894512e-32,3460,SIDM00734,original
219,0.1701756556377264,4.459543551263372e-31,4576,SIDM01191,mean
832,0.1683110299192654,2.511679838230069e-30,4560,SIDM00355,mofa_imputed
1410,0.20596570323814994,2.9846453062615355e-30,3016,SIDM00740,original
834,0.16574076880589766,1.9087169681234116e-29,4560,SIDM00355,mean
831,0.16426059416269087,6.047339417168113e-29,4560,SIDM00355,vae_imputed
1439,0.16480440294960927,7.401201829832977e-29,4515,SIDM00616,mean
1414,0.1637779140591604,7.455196187068378e-29,4572,SIDM00740,mean
1265,0.18335961747317886,5.177765758124998e-28,3523,SIDM00797,original
317,0.16085496511943564,7.223616469689135e-28,4570,SIDM00874,mofa_imputed
1306,0.1603660086597734,1.0470704486983508e-27,4570,SIDM00734,vae_imputed
872,0.15624677810635765,1.8221168301900076e-26,4588,SIDM00475,mofa_imputed
1294,0.15091438395600226,1.438690550347339e-24,4546,SIDM01165,mean
947,0.1490310838992674,3.853083794321173e-24,4576,SIDM00545,mofa_imputed
445,0.1696026835540111,1.004211746811365e-23,3457,SIDM00084,original
830,0.1791864464178673,1.0559977846084244e-23,3089,SIDM00355,original
870,0.1699640112077939,6.798149683747251e-21,3002,SIDM00475,original
385,0.17811247577945882,7.602163602124488e-21,2723,SIDM00678,original
934,0.13743855955800846,1.298752310570203e-20,4546,SIDM01026,mean
1269,0.1361949414804876,2.5961557854366284e-20,4557,SIDM00797,mean
764,0.13471017095291532,5.860627449283971e-20,4571,SIDM00210,mean
387,0.13216042515899046,2.565550503988358e-19,4585,SIDM00678,mofa_imputed
1098,0.1273986792486094,5.880333501891342e-18,4559,SIDM00529,move_diabetes_imputed
449,0.12269698188530177,7.772211082672162e-17,4582,SIDM00084,mean
1009,0.11966402780779342,7.610962291861638e-16,4507,SIDM00531,mean
874,0.11838499314059708,8.631584331066706e-16,4588,SIDM00475,mean
460,0.15995566140186596,3.696460285310204e-15,2389,SIDM00750,original
389,0.11131549714082237,4.064573342776889e-14,4585,SIDM00678,mean
603,0.10968199163065907,1.006916997791378e-13,4576,SIDM00305,move_diabetes_imputed
871,0.10918691903878908,1.2078624971789106e-13,4588,SIDM00475,vae_imputed
1097,0.10483164451081195,1.285228379618426e-12,4559,SIDM00529,mofa_imputed
386,0.10249520702362255,3.484480764151302e-12,4585,SIDM00678,vae_imputed
464,0.10207641109884752,4.77237597832686e-12,4564,SIDM00750,mean
1379,0.10141404568964849,5.834173551710389e-12,4586,SIDM00334,mean
463,0.10027582241060544,1.1241757871206969e-11,4564,SIDM00750,move_diabetes_imputed
1096,0.09779377083014515,3.6624877318952226e-11,4559,SIDM00529,vae_imputed
462,0.08986686446281764,1.1882909301812829e-09,4564,SIDM00750,mofa_imputed
602,0.0724450351271603,9.307827743810872e-07,4576,SIDM00305,mofa_imputed
807,0.07005425668324826,2.1947736005113865e-06,4559,SIDM00354,mofa_imputed
461,0.0696850571346433,2.450814862044146e-06,4564,SIDM00750,vae_imputed
1099,0.06027648648471827,4.651568408538985e-05,4559,SIDM00529,mean
1095,0.0709743005386594,6.398192500320254e-05,3167,SIDM00529,original
658,0.05401229640933034,0.000263680048762443,4559,SIDM01122,move_diabetes_imputed
601,0.05311971524041816,0.0003245162396896726,4576,SIDM00305,vae_imputed
604,0.051084381665416206,0.0005462772339223607,4576,SIDM00305,mean
600,0.06098787928929367,0.0009210025790673221,2949,SIDM00305,original
490,-0.05194369287754687,0.0021945202238431816,3474,SIDM00848,original
493,0.045143418419316794,0.0022318811779443665,4585,SIDM00848,move_diabetes_imputed
656,-0.04135513679844058,0.005226319441562192,4559,SIDM01122,vae_imputed
492,-0.033574502396817744,0.022999748874860275,4585,SIDM00848,mofa_imputed
657,-0.033625178323036777,0.02318309446673782,4559,SIDM01122,mofa_imputed
805,0.03389046382844134,0.05319284868481644,3255,SIDM00354,original
808,0.026754277603995187,0.07087358501438673,4559,SIDM00354,move_diabetes_imputed
806,0.02432189814844009,0.10058667752915422,4559,SIDM00354,vae_imputed
809,0.023102600120229716,0.11883636182100928,4559,SIDM00354,mean
494,-0.02090252650073443,0.15702930433646234,4585,SIDM00848,mean
659,0.009185022498811018,0.5352452075195375,4559,SIDM01122,mean
655,0.005789681900187135,0.7664215584796702,2635,SIDM01122,original
491,-0.002517689541675667,0.864669493886673,4585,SIDM00848,vae_imputed
