,corr,pval,len,sample,impute
1239,0.5915000133960351,0.0,4559,SIDM00698,mean
317,0.5331614209320699,0.0,4546,SIDM01056,mofa_imputed
316,0.5316598796688565,0.0,4546,SIDM01056,vae_imputed
313,0.5471581437241947,0.0,4582,SIDM00798,move_diabetes_imputed
308,0.601048616826406,0.0,4504,SIDM00568,move_diabetes_imputed
307,0.5474490722509071,0.0,4504,SIDM00568,mofa_imputed
306,0.5539706220207881,0.0,4504,SIDM00568,vae_imputed
1253,0.5748181829555857,0.0,4591,SIDM01188,move_diabetes_imputed
1252,0.558846369138936,0.0,4591,SIDM01188,mofa_imputed
1251,0.5301307672118354,0.0,4591,SIDM01188,vae_imputed
1243,0.5356478215010536,0.0,4568,SIDM00371,move_diabetes_imputed
318,0.60617211249621,0.0,4546,SIDM01056,move_diabetes_imputed
1238,0.7470779896306108,0.0,4559,SIDM00698,move_diabetes_imputed
1237,0.6855137168869685,0.0,4559,SIDM00698,mofa_imputed
1236,0.6760482603934088,0.0,4559,SIDM00698,vae_imputed
1235,0.7415818893935291,0.0,3481,SIDM00698,original
293,0.5428958362455591,0.0,4560,SIDM00628,move_diabetes_imputed
283,0.5572728199043899,0.0,4507,SIDM01164,move_diabetes_imputed
278,0.552607224382601,0.0,4576,SIDM00124,move_diabetes_imputed
277,0.5564551639444393,0.0,4576,SIDM00124,mofa_imputed
276,0.5518019655879409,0.0,4576,SIDM00124,vae_imputed
263,0.6860950025581969,0.0,4571,SIDM00875,move_diabetes_imputed
553,0.6138777816000983,0.0,4585,SIDM00426,move_diabetes_imputed
1038,0.5827233512589819,0.0,4576,SIDM00082,move_diabetes_imputed
1033,0.5619599589851314,0.0,4594,SIDM00890,move_diabetes_imputed
517,0.6577767614807343,0.0,4589,SIDM00081,mofa_imputed
516,0.6569827005830732,0.0,4589,SIDM00081,vae_imputed
515,0.6862830274563592,0.0,3027,SIDM00081,original
513,0.599099134644717,0.0,4584,SIDM00783,move_diabetes_imputed
512,0.5265250882197037,0.0,4584,SIDM00783,mofa_imputed
511,0.5387004882172628,0.0,4584,SIDM00783,vae_imputed
510,0.5782079691800306,0.0,3657,SIDM00783,original
493,0.5524889459770196,0.0,4580,SIDM01023,move_diabetes_imputed
262,0.6239603072980706,0.0,4571,SIDM00875,mofa_imputed
538,0.5861655368351644,0.0,4580,SIDM00799,move_diabetes_imputed
528,0.5375633061869494,0.0,4568,SIDM00675,move_diabetes_imputed
518,0.6968771424000948,0.0,4589,SIDM00081,move_diabetes_imputed
1061,0.5604985073657309,0.0,4575,SIDM00713,vae_imputed
1058,0.5345086523515427,0.0,4514,SIDM01199,move_diabetes_imputed
1043,0.6115552057636237,0.0,4583,SIDM00865,move_diabetes_imputed
1198,0.6294740675950674,0.0,4554,SIDM00107,move_diabetes_imputed
1197,0.5564830036646778,0.0,4554,SIDM00107,mofa_imputed
1196,0.5684876994668734,0.0,4554,SIDM00107,vae_imputed
1195,0.576263903464659,0.0,3810,SIDM00107,original
243,0.6060666108419379,0.0,4582,SIDM00336,move_diabetes_imputed
1262,0.5280244084051688,0.0,4585,SIDM00130,mofa_imputed
1261,0.5380961150064221,0.0,4585,SIDM00130,vae_imputed
1258,0.5615623051940044,0.0,4554,SIDM01077,move_diabetes_imputed
261,0.6242478056107664,0.0,4571,SIDM00875,vae_imputed
260,0.7019721974954224,0.0,2899,SIDM00875,original
258,0.6011107464547556,0.0,4594,SIDM00572,move_diabetes_imputed
256,0.5375988538633428,0.0,4594,SIDM00572,vae_imputed
856,0.5762327546419104,0.0,4560,SIDM00435,vae_imputed
252,0.5476537593318769,0.0,4589,SIDM00522,mofa_imputed
251,0.5630585747217731,0.0,4589,SIDM00522,vae_imputed
1263,0.6081195199423981,0.0,4585,SIDM00130,move_diabetes_imputed
1313,0.5784219201206029,0.0,4589,SIDM00541,move_diabetes_imputed
1312,0.5408770149683763,0.0,4589,SIDM00541,mofa_imputed
614,0.5403002476006696,0.0,4568,SIDM00447,mean
613,0.6757760303743255,0.0,4568,SIDM00447,move_diabetes_imputed
612,0.5951423868437029,0.0,4568,SIDM00447,mofa_imputed
611,0.6223563844046279,0.0,4568,SIDM00447,vae_imputed
610,0.6698752295043182,0.0,3057,SIDM00447,original
603,0.5738737406315386,0.0,4591,SIDM00749,move_diabetes_imputed
602,0.5623322313232125,0.0,4591,SIDM00749,mofa_imputed
593,0.5340758958165027,0.0,4576,SIDM00486,move_diabetes_imputed
577,0.591239561721485,0.0,4504,SIDM01038,mofa_imputed
1278,0.6465143895374892,0.0,4576,SIDM00277,move_diabetes_imputed
1277,0.5389291866488116,0.0,4576,SIDM00277,mofa_imputed
1276,0.5315649495573525,0.0,4576,SIDM00277,vae_imputed
1010,0.6294729812962516,0.0,3179,SIDM01197,original
1003,0.5759996546412235,0.0,4586,SIDM01033,move_diabetes_imputed
1002,0.5733690301562855,0.0,4586,SIDM01033,mofa_imputed
1001,0.5412314400907661,0.0,4586,SIDM01033,vae_imputed
581,0.6213692090097674,0.0,4560,SIDM00611,vae_imputed
580,0.6709318732392505,0.0,2952,SIDM00611,original
578,0.6155433573349165,0.0,4504,SIDM01038,move_diabetes_imputed
1041,0.541109125816031,0.0,4583,SIDM00865,vae_imputed
576,0.6009499715138142,0.0,4504,SIDM01038,vae_imputed
573,0.6001933069945931,0.0,4591,SIDM01096,move_diabetes_imputed
572,0.5345960489298007,0.0,4591,SIDM01096,mofa_imputed
571,0.5509479886985047,0.0,4591,SIDM01096,vae_imputed
568,0.5765811182918688,0.0,4560,SIDM01184,move_diabetes_imputed
566,0.5415213702545388,0.0,4560,SIDM01184,vae_imputed
563,0.5863136597594486,0.0,4582,SIDM01030,move_diabetes_imputed
562,0.5540237269356548,0.0,4582,SIDM01030,mofa_imputed
561,0.5568755879399062,0.0,4582,SIDM01030,vae_imputed
1118,0.6451843519213627,0.0,4559,SIDM00239,move_diabetes_imputed
823,0.5734459734478183,0.0,4515,SIDM01137,move_diabetes_imputed
822,0.5851003144413485,0.0,4515,SIDM01137,mofa_imputed
821,0.5652940481333317,0.0,4515,SIDM01137,vae_imputed
813,0.5792813604767223,0.0,4580,SIDM01172,move_diabetes_imputed
448,0.6348304159513452,0.0,4586,SIDM00461,move_diabetes_imputed
446,0.5316982882246809,0.0,4586,SIDM00461,vae_imputed
443,0.553291214255228,0.0,4529,SIDM00284,move_diabetes_imputed
438,0.5271164184085633,0.0,4559,SIDM00866,move_diabetes_imputed
428,0.5673932235734425,0.0,4586,SIDM00779,move_diabetes_imputed
857,0.5870027554391194,0.0,4560,SIDM00435,mofa_imputed
826,0.5544335074133063,0.0,4564,SIDM00762,vae_imputed
1117,0.5904463302543349,0.0,4559,SIDM00239,mofa_imputed
1116,0.596294490151833,0.0,4559,SIDM00239,vae_imputed
1115,0.612530784896566,0.0,3543,SIDM00239,original
1113,0.5503580688361592,0.0,4572,SIDM00151,move_diabetes_imputed
1108,0.5737664640620429,0.0,4560,SIDM00318,move_diabetes_imputed
1107,0.5326519652447959,0.0,4560,SIDM00318,mofa_imputed
1106,0.5431004031562912,0.0,4560,SIDM00318,vae_imputed
418,0.5365455138692887,0.0,4583,SIDM00321,move_diabetes_imputed
393,0.6734116189455643,0.0,4504,SIDM00607,move_diabetes_imputed
392,0.6276885551049409,0.0,4504,SIDM00607,mofa_imputed
1062,0.5536342742568297,0.0,4575,SIDM00713,mofa_imputed
1403,0.5292976495787752,0.0,4515,SIDM00498,move_diabetes_imputed
58,0.7014709772790794,0.0,4575,SIDM00335,move_diabetes_imputed
57,0.6369923226912659,0.0,4575,SIDM00335,mofa_imputed
56,0.6267151839587958,0.0,4575,SIDM00335,vae_imputed
55,0.6583311319116112,0.0,3314,SIDM00335,original
53,0.6084669590322443,0.0,4574,SIDM00672,move_diabetes_imputed
50,0.5969080840226061,0.0,3473,SIDM00672,original
1071,0.5738668504960722,0.0,4576,SIDM01084,vae_imputed
1070,0.6503257452346058,0.0,2950,SIDM01084,original
1063,0.593404254591462,0.0,4575,SIDM00713,move_diabetes_imputed
391,0.6221774237396265,0.0,4504,SIDM00607,vae_imputed
108,0.5287365494896094,0.0,4570,SIDM01024,move_diabetes_imputed
378,0.6541431523690042,0.0,4557,SIDM00453,move_diabetes_imputed
898,0.5619977414033116,0.0,4577,SIDM01008,move_diabetes_imputed
848,0.5659757927081295,0.0,4582,SIDM00097,move_diabetes_imputed
23,0.6258732778134963,0.0,4584,SIDM01090,move_diabetes_imputed
22,0.5756291154416133,0.0,4584,SIDM01090,mofa_imputed
21,0.5790643157523203,0.0,4584,SIDM01090,vae_imputed
20,0.6053836939491637,0.0,3319,SIDM01090,original
828,0.5856714532040892,0.0,4564,SIDM00762,move_diabetes_imputed
827,0.5814958798421044,0.0,4564,SIDM00762,mofa_imputed
1158,0.6206296383382452,0.0,4613,SIDM00940,move_diabetes_imputed
472,0.6221829811774053,0.0,4568,SIDM01060,mofa_imputed
471,0.6103083374282239,0.0,4568,SIDM01060,vae_imputed
470,0.6617939171893193,0.0,3203,SIDM01060,original
458,0.6489832475187768,0.0,4584,SIDM00920,move_diabetes_imputed
457,0.555559703726288,0.0,4584,SIDM00920,mofa_imputed
456,0.558446557510573,0.0,4584,SIDM00920,vae_imputed
455,0.6036004435022448,0.0,3482,SIDM00920,original
1088,0.5596285289159086,0.0,4557,SIDM00841,move_diabetes_imputed
1073,0.6344203844940415,0.0,4576,SIDM01084,move_diabetes_imputed
1072,0.5574575003645859,0.0,4576,SIDM01084,mofa_imputed
473,0.6487801094200206,0.0,4568,SIDM01060,move_diabetes_imputed
357,0.5781819064221658,0.0,4515,SIDM00693,mofa_imputed
356,0.5815329139157877,0.0,4515,SIDM00693,vae_imputed
355,0.6228726047705633,0.0,3220,SIDM00693,original
338,0.596802342696436,0.0,4582,SIDM00660,move_diabetes_imputed
336,0.527510251942376,0.0,4582,SIDM00660,vae_imputed
328,0.5923784559231354,0.0,4557,SIDM01037,move_diabetes_imputed
1208,0.606815996850018,0.0,4568,SIDM00548,move_diabetes_imputed
1207,0.5842761758281578,0.0,4568,SIDM00548,mofa_imputed
1206,0.5826083828885134,0.0,4568,SIDM00548,vae_imputed
1042,0.5466598618500076,0.0,4583,SIDM00865,mofa_imputed
373,0.5261203835102481,0.0,4584,SIDM00136,move_diabetes_imputed
390,0.7020830311664444,0.0,3090,SIDM00607,original
1157,0.5622591094583417,0.0,4613,SIDM00940,mofa_imputed
1156,0.5920667186734883,0.0,4613,SIDM00940,vae_imputed
1155,0.5965740100399333,0.0,3907,SIDM00940,original
383,0.5291109924551909,0.0,4576,SIDM00139,move_diabetes_imputed
382,0.5269995771985321,0.0,4576,SIDM00139,mofa_imputed
379,0.5444227074172504,0.0,4557,SIDM00453,mean
377,0.6134576666888077,0.0,4557,SIDM00453,mofa_imputed
376,0.6243143199813356,0.0,4557,SIDM00453,vae_imputed
375,0.6597980002969029,0.0,3664,SIDM00453,original
253,0.5736928043996329,0.0,4589,SIDM00522,move_diabetes_imputed
363,0.6355483367259482,0.0,4507,SIDM00327,move_diabetes_imputed
362,0.5693921389288681,0.0,4507,SIDM00327,mofa_imputed
361,0.5563312344394128,0.0,4507,SIDM00327,vae_imputed
360,0.6203851179671079,0.0,3057,SIDM00327,original
358,0.6067480084505161,0.0,4515,SIDM00693,move_diabetes_imputed
488,0.6242398491418095,0.0,4559,SIDM00589,move_diabetes_imputed
487,0.6175826484223559,0.0,4559,SIDM00589,mofa_imputed
486,0.60987582280645,0.0,4559,SIDM00589,vae_imputed
485,0.6449396292578022,0.0,2821,SIDM00589,original
718,0.6100413410948886,0.0,4574,SIDM00919,move_diabetes_imputed
148,0.5467283753127856,0.0,4577,SIDM01005,move_diabetes_imputed
143,0.6110809332642207,0.0,4591,SIDM00457,move_diabetes_imputed
738,0.5855429549620247,0.0,4568,SIDM01124,move_diabetes_imputed
733,0.5534250700056343,0.0,4591,SIDM00629,move_diabetes_imputed
728,0.6332866862357531,0.0,4583,SIDM01059,move_diabetes_imputed
727,0.5836921441763812,0.0,4583,SIDM01059,mofa_imputed
726,0.5693289275895246,0.0,4583,SIDM01059,vae_imputed
725,0.6359510826662338,0.0,3337,SIDM01059,original
723,0.5346636949552579,0.0,4572,SIDM00149,move_diabetes_imputed
153,0.5492248863684926,0.0,4588,SIDM01112,move_diabetes_imputed
1368,0.541267274005562,0.0,4591,SIDM00855,move_diabetes_imputed
1353,0.6024453319498133,0.0,4514,SIDM01148,move_diabetes_imputed
1351,0.5395557803573972,0.0,4514,SIDM01148,vae_imputed
118,0.5715504262267641,0.0,4564,SIDM00554,move_diabetes_imputed
117,0.5453279792863817,0.0,4564,SIDM00554,mofa_imputed
113,0.5936070807927394,0.0,4564,SIDM00658,move_diabetes_imputed
888,0.5788496402145813,0.0,4589,SIDM00676,move_diabetes_imputed
887,0.6381209004563255,0.0,4589,SIDM00676,mofa_imputed
886,0.5869759977692945,0.0,4589,SIDM00676,vae_imputed
682,0.5962861099087389,0.0,4585,SIDM00513,mofa_imputed
713,0.5474447169263515,0.0,4564,SIDM00884,move_diabetes_imputed
703,0.5722028230778401,0.0,4575,SIDM01111,move_diabetes_imputed
701,0.5339662279812638,0.0,4575,SIDM01111,vae_imputed
698,0.5945889708746883,0.0,4507,SIDM01062,move_diabetes_imputed
697,0.5675534393362306,0.0,4507,SIDM01062,mofa_imputed
693,0.6296766581088511,0.0,4504,SIDM01016,move_diabetes_imputed
692,0.5895038265287308,0.0,4504,SIDM01016,mofa_imputed
691,0.593906245536792,0.0,4504,SIDM01016,vae_imputed
683,0.6647456360419073,0.0,4585,SIDM00513,move_diabetes_imputed
883,0.5405553667252457,0.0,4560,SIDM01082,move_diabetes_imputed
681,0.5886537753211373,0.0,4585,SIDM00513,vae_imputed
680,0.6792790233867299,0.0,3212,SIDM00513,original
678,0.5875347500299541,0.0,4564,SIDM00812,move_diabetes_imputed
965,0.6349554513623168,0.0,3153,SIDM00046,original
958,0.5452995636913476,0.0,4514,SIDM01055,move_diabetes_imputed
1333,0.5299407119909045,0.0,4557,SIDM00527,move_diabetes_imputed
1326,0.5389485242438181,0.0,4559,SIDM00837,vae_imputed
1325,0.610854859459707,0.0,3219,SIDM00837,original
1407,0.5384143428594708,0.0,4559,SIDM00560,mofa_imputed
93,0.5895296298837642,0.0,4572,SIDM00345,move_diabetes_imputed
88,0.6697060067183018,0.0,4572,SIDM00272,move_diabetes_imputed
87,0.5748612663793773,0.0,4572,SIDM00272,mofa_imputed
86,0.5454357264119836,0.0,4572,SIDM00272,vae_imputed
85,0.6003160440677401,0.0,3398,SIDM00272,original
1413,0.6417609914714069,0.0,4515,SIDM01089,move_diabetes_imputed
1412,0.5930653874104739,0.0,4515,SIDM01089,mofa_imputed
1411,0.589105000598243,0.0,4515,SIDM01089,vae_imputed
1408,0.5768020492639289,0.0,4559,SIDM00560,move_diabetes_imputed
795,0.664237935708107,0.0,3052,SIDM00116,original
28,0.5860257379382763,0.0,4580,SIDM00893,move_diabetes_imputed
1435,0.6427293348697198,0.0,3187,SIDM00505,original
1436,0.6153408673524764,0.0,4529,SIDM00505,vae_imputed
1446,0.5621483940314491,0.0,4515,SIDM00996,vae_imputed
1447,0.5627799823319104,0.0,4515,SIDM00996,mofa_imputed
1437,0.6281238811118338,0.0,4529,SIDM00505,mofa_imputed
1448,0.5837638634764144,0.0,4515,SIDM00996,move_diabetes_imputed
1438,0.6266629972166512,0.0,4529,SIDM00505,move_diabetes_imputed
746,0.5277497020885197,0.0,4591,SIDM01147,vae_imputed
878,0.5825738275376399,0.0,4568,SIDM00683,move_diabetes_imputed
768,0.5542990531936566,0.0,4591,SIDM01031,move_diabetes_imputed
764,0.5322915409276221,0.0,4572,SIDM00761,mean
763,0.6361754362683592,0.0,4572,SIDM00761,move_diabetes_imputed
762,0.5756485943947315,0.0,4572,SIDM00761,mofa_imputed
761,0.5882692995449064,0.0,4572,SIDM00761,vae_imputed
760,0.6465311087384319,0.0,2993,SIDM00761,original
748,0.5781195260670758,0.0,4591,SIDM01147,move_diabetes_imputed
747,0.5306500713121574,0.0,4591,SIDM01147,mofa_imputed
1328,0.5906572002989193,0.0,4559,SIDM00837,move_diabetes_imputed
928,0.6518088059521574,0.0,4559,SIDM00247,move_diabetes_imputed
855,0.6414547438962702,0.0,3121,SIDM00435,original
853,0.5418877448226378,0.0,4585,SIDM01020,move_diabetes_imputed
858,0.6529037084602588,0.0,4560,SIDM00435,move_diabetes_imputed
803,0.5351990853613691,0.0,4586,SIDM00899,move_diabetes_imputed
798,0.6428739739482845,0.0,4546,SIDM00116,move_diabetes_imputed
797,0.5858192882191642,0.0,4546,SIDM00116,mofa_imputed
796,0.6075670557958789,0.0,4546,SIDM00116,vae_imputed
946,0.6894428466446277,0.0,4515,SIDM00407,vae_imputed
1011,0.5955820302518844,0.0,4572,SIDM01197,vae_imputed
1012,0.6129581728725986,0.0,4572,SIDM01197,mofa_imputed
198,0.7216459865275868,0.0,4568,SIDM01076,move_diabetes_imputed
197,0.6474807463468297,0.0,4568,SIDM01076,mofa_imputed
196,0.6577885483442907,0.0,4568,SIDM01076,vae_imputed
953,0.5534831807460119,0.0,4570,SIDM00702,move_diabetes_imputed
1013,0.6471821683962113,0.0,4572,SIDM01197,move_diabetes_imputed
948,0.7387172823876524,0.0,4515,SIDM00407,move_diabetes_imputed
947,0.6781185195027544,0.0,4515,SIDM00407,mofa_imputed
223,0.5581427122775589,0.0,4557,SIDM00586,move_diabetes_imputed
945,0.7238874596245543,0.0,3290,SIDM00407,original
943,0.6376050703759866,0.0,4514,SIDM01139,move_diabetes_imputed
942,0.5961465647475225,0.0,4514,SIDM01139,mofa_imputed
941,0.5992822881603993,0.0,4514,SIDM01139,vae_imputed
938,0.5813282403397403,0.0,4589,SIDM00649,move_diabetes_imputed
936,0.5287482603175231,0.0,4589,SIDM00649,vae_imputed
582,0.6199241768843409,0.0,4560,SIDM00611,mofa_imputed
583,0.612547112545685,0.0,4560,SIDM00611,move_diabetes_imputed
668,0.5432345854312417,0.0,4507,SIDM00333,move_diabetes_imputed
989,0.5632034442727182,0.0,4554,SIDM00772,mean
988,0.6573419856284191,0.0,4554,SIDM00772,move_diabetes_imputed
987,0.6123642927328511,0.0,4554,SIDM00772,mofa_imputed
986,0.6216641229721556,0.0,4554,SIDM00772,vae_imputed
985,0.6666076561317998,0.0,3243,SIDM00772,original
968,0.5764092737098476,0.0,4585,SIDM00046,move_diabetes_imputed
966,0.5310700095376516,0.0,4585,SIDM00046,vae_imputed
644,0.5463690453716827,0.0,4591,SIDM00651,mean
643,0.702430471739594,0.0,4591,SIDM00651,move_diabetes_imputed
642,0.6311248014101731,0.0,4591,SIDM00651,mofa_imputed
1338,0.5286438586305191,0.0,4586,SIDM00512,move_diabetes_imputed
641,0.6335444685961581,0.0,4591,SIDM00651,vae_imputed
640,0.6712423027420449,0.0,3413,SIDM00651,original
1311,0.5369635362345977,0.0,4589,SIDM00541,vae_imputed
1298,0.6422185784714536,0.0,4576,SIDM00401,move_diabetes_imputed
1297,0.6006892681561624,0.0,4576,SIDM00401,mofa_imputed
1296,0.5984201414371075,0.0,4576,SIDM00401,vae_imputed
1295,0.628265559672803,0.0,3476,SIDM00401,original
1288,0.5512124046539595,0.0,4585,SIDM00673,move_diabetes_imputed
166,0.5479410575690158,0.0,4591,SIDM00405,vae_imputed
186,0.5829556036232318,0.0,4576,SIDM00828,vae_imputed
178,0.5921868466444022,0.0,4582,SIDM00677,move_diabetes_imputed
660,0.7103722390913589,0.0,3157,SIDM00898,original
661,0.5934645655676404,0.0,4560,SIDM00898,vae_imputed
1342,0.5260552817197133,0.0,4577,SIDM00856,mofa_imputed
662,0.6062201192029055,0.0,4560,SIDM00898,mofa_imputed
663,0.6984892760221739,0.0,4560,SIDM00898,move_diabetes_imputed
177,0.5316069212237104,0.0,4582,SIDM00677,mofa_imputed
664,0.5618061992492465,0.0,4560,SIDM00898,mean
195,0.6989363111740632,0.0,3248,SIDM01076,original
176,0.5433548059477551,0.0,4582,SIDM00677,vae_imputed
1343,0.6107481061576112,0.0,4577,SIDM00856,move_diabetes_imputed
168,0.590692745903547,0.0,4591,SIDM00405,move_diabetes_imputed
588,0.5600158822654063,0.0,4504,SIDM00487,move_diabetes_imputed
193,0.550155804254645,0.0,4606,SIDM00789,move_diabetes_imputed
188,0.6082532456337681,0.0,4576,SIDM00828,move_diabetes_imputed
187,0.5774140951173286,0.0,4576,SIDM00828,mofa_imputed
1423,0.5263756123990667,2e-323,4559,SIDM00885,move_diabetes_imputed
1352,0.5282273505369708,7e-323,4514,SIDM01148,mofa_imputed
885,0.7183371768126213,1.1e-322,2035,SIDM00676,original
926,0.525789411633924,1.4e-322,4559,SIDM00247,vae_imputed
567,0.5254774225967639,3.36e-322,4560,SIDM01184,mofa_imputed
778,0.5242414364208319,3.56e-322,4585,SIDM00680,move_diabetes_imputed
825,0.6361322201546078,1.2915e-320,2828,SIDM00762,original
927,0.5243077388867747,1.8676e-320,4559,SIDM00247,mofa_imputed
447,0.521535461405689,2.29045e-318,4586,SIDM00461,mofa_imputed
185,0.617382398007732,2.52338e-318,3034,SIDM00828,original
702,0.5219959288262501,2.901914e-318,4575,SIDM01111,mofa_imputed
503,0.5213101220423879,3.49578e-318,4588,SIDM00909,move_diabetes_imputed
584,0.5225375520985986,5.359733e-318,4560,SIDM00611,mean
474,0.5215287035877996,4.085014e-317,4568,SIDM01060,mean
1299,0.5210724686875147,5.1108176e-317,4576,SIDM00401,mean
167,0.5198567821817304,2.54937014e-316,4591,SIDM00405,mofa_imputed
537,0.5203019853935633,3.3736084e-316,4580,SIDM00799,mofa_imputed
1410,0.6287863789140213,1.765550206e-315,2868,SIDM01089,original
445,0.6071916029910553,9.1040441e-315,3130,SIDM00461,original
427,0.518912299670893,1.221458929e-314,4586,SIDM00779,mofa_imputed
1098,0.5190495465562603,1.4639781453e-314,4582,SIDM00594,move_diabetes_imputed
257,0.5180931363652687,5.0201881115e-314,4594,SIDM00572,mofa_imputed
729,0.5166368827420236,3.131828324314e-311,4583,SIDM01059,mean
63,0.5191999696868917,3.178316032005e-311,4530,SIDM01028,move_diabetes_imputed
937,0.5162728012545383,4.0005198941723e-311,4589,SIDM00649,mofa_imputed
343,0.5157826897904839,8.977668120646e-311,4594,SIDM00791,move_diabetes_imputed
1327,0.5173993180382992,1.1211894783294e-310,4559,SIDM00837,mofa_imputed
1105,0.5875842076470961,3.794630000228683e-309,3338,SIDM00318,original
696,0.5183442508737572,1.8247400392683535e-308,4507,SIDM01062,vae_imputed
690,0.6094268069341476,4.152527003548748e-307,3025,SIDM01016,original
1256,0.5145519504438951,2.2326761969372044e-306,4554,SIDM01077,vae_imputed
592,0.5134110623236992,2.900687462289635e-306,4576,SIDM00486,mofa_imputed
536,0.5129094398377352,7.793068917161813e-306,4580,SIDM00799,vae_imputed
29,0.512772381963336,1.2062678592117e-305,4580,SIDM00893,mean
78,0.5139570593559649,1.4844297248789186e-305,4554,SIDM00506,move_diabetes_imputed
925,0.5697109000754396,1.8989904434183378e-305,3559,SIDM00247,original
1445,0.5652369321067673,3.518708926114198e-305,3625,SIDM00996,original
847,0.5122606221506414,4.537831624825668e-305,4582,SIDM00097,mofa_imputed
73,0.5120645561462246,8.46789594246142e-305,4582,SIDM00132,move_diabetes_imputed
877,0.512478900211405,1.9138342742860886e-304,4568,SIDM00683,mofa_imputed
281,0.514917212974612,9.756547537422137e-304,4507,SIDM01164,vae_imputed
893,0.5123788766070485,1.036102449445136e-303,4559,SIDM01150,move_diabetes_imputed
116,0.5120233297320673,1.492644093542007e-303,4564,SIDM00554,vae_imputed
812,0.5111695570192855,1.9673136428428794e-303,4580,SIDM01172,mofa_imputed
381,0.5113260681928885,2.1968084871203025e-303,4576,SIDM00139,vae_imputed
222,0.5121745833138062,2.6829805767848266e-303,4557,SIDM00586,mofa_imputed
123,0.5102401803959662,1.507006376638797e-302,4586,SIDM00349,move_diabetes_imputed
1060,0.595661092263694,3.4516206162228063e-302,3153,SIDM00713,original
1014,0.510263982342909,1.156018042772557e-301,4572,SIDM01197,mean
241,0.5092329754316378,6.619077267836578e-301,4582,SIDM00336,vae_imputed
523,0.509651963830876,1.4523074430466764e-300,4568,SIDM00745,move_diabetes_imputed
715,0.5808799663784139,1.5841503621754974e-300,3338,SIDM00919,original
1032,0.5082050371649824,2.7918545899356165e-300,4594,SIDM00890,mofa_imputed
868,0.5083272150173662,2.8061810375071635e-299,4576,SIDM01163,move_diabetes_imputed
337,0.5077672110933581,6.631586160581245e-299,4582,SIDM00660,mofa_imputed
811,0.5077202083426384,1.035566718293125e-298,4580,SIDM01172,vae_imputed
952,0.5080817462522293,1.4850860555840604e-298,4570,SIDM00702,mofa_imputed
591,0.5075403666656189,3.3018748242197516e-298,4576,SIDM00486,vae_imputed
551,0.5070847520305051,3.598235245754029e-298,4585,SIDM00426,vae_imputed
881,0.50818342893942,4.815849911323453e-298,4560,SIDM01082,vae_imputed
242,0.506724053025003,1.7362820649280175e-297,4582,SIDM00336,mofa_imputed
882,0.5073436317984861,6.617943530210746e-297,4560,SIDM01082,mofa_imputed
1183,0.5057201599482783,6.750500264690344e-297,4594,SIDM00803,move_diabetes_imputed
732,0.5058127816582637,7.877187320096654e-297,4591,SIDM00629,mofa_imputed
1086,0.5073851824009028,9.089414594384221e-297,4557,SIDM00841,vae_imputed
426,0.5052957283901334,8.259596635517165e-296,4586,SIDM00779,vae_imputed
315,0.5941659661893712,2.7441949033922903e-295,3100,SIDM01056,original
107,0.5055882580004958,3.529796850228444e-295,4570,SIDM01024,mofa_imputed
141,0.5042585008544997,9.94889926752712e-295,4591,SIDM00457,vae_imputed
601,0.5042340246362684,1.0734459036147978e-294,4591,SIDM00749,vae_imputed
1087,0.5055795421814682,2.4741056840254855e-294,4557,SIDM00841,mofa_imputed
575,0.6120627477015831,5.885286606574512e-294,2863,SIDM01038,original
676,0.5044903275146879,2.560660971124667e-293,4564,SIDM00812,vae_imputed
468,0.5035519609941186,3.3219457793001797e-293,4582,SIDM01027,move_diabetes_imputed
653,0.5040083546331385,4.061259325709806e-293,4571,SIDM00748,move_diabetes_imputed
818,0.5041090000998649,1.7306020927177859e-292,4559,SIDM00778,move_diabetes_imputed
91,0.5033940537855464,2.335660636143106e-292,4572,SIDM00345,vae_imputed
111,0.5034350196902154,6.632644401691338e-292,4564,SIDM00658,vae_imputed
1257,0.5038163207791327,8.869254580626097e-292,4554,SIDM01077,mofa_imputed
598,0.5022869435873347,1.063699021607406e-291,4585,SIDM01010,move_diabetes_imputed
151,0.5019688507789593,1.831953826520985e-291,4588,SIDM01112,vae_imputed
282,0.5057540591474693,2.337158982626441e-291,4507,SIDM01164,mofa_imputed
969,0.5020282934168493,2.3589913857069017e-291,4585,SIDM00046,mean
949,0.5053552394244867,2.433849117679646e-291,4515,SIDM00407,mean
940,0.5904716264500857,4.977127137190517e-291,3103,SIDM01139,original
552,0.5015476467749074,1.034502562415186e-290,4585,SIDM00426,mofa_imputed
1119,0.5022098657985846,5.916494931852295e-290,4559,SIDM00239,mean
413,0.5014045395959442,6.837958017365966e-290,4575,SIDM00429,move_diabetes_imputed
1350,0.5966139569962491,1.2568675019502817e-289,3009,SIDM01148,original
745,0.5658126754337394,7.921084402473331e-289,3421,SIDM01147,original
1068,0.5001726753310316,1.4403410948708454e-288,4580,SIDM00090,move_diabetes_imputed
677,0.5009040538418972,1.5528725750029667e-288,4564,SIDM00812,mofa_imputed
112,0.500707796086951,2.8263572188143967e-288,4564,SIDM00658,mofa_imputed
783,0.5019355852876435,1.0692336481788335e-287,4529,SIDM01067,move_diabetes_imputed
1406,0.5004673049137378,1.2105109616016099e-287,4559,SIDM00560,vae_imputed
1205,0.5910447758741073,1.2744520099470584e-287,3059,SIDM00548,original
1323,0.5018473700484334,1.3979897821471176e-287,4529,SIDM00125,move_diabetes_imputed
846,0.499117751160295,2.700675719945127e-287,4582,SIDM00097,vae_imputed
1398,0.49999728346989436,5.058206246137598e-287,4559,SIDM00122,move_diabetes_imputed
522,0.4994620473776766,7.059218742759646e-287,4568,SIDM00745,mofa_imputed
1000,0.6523861760612173,1.061326910024121e-286,2364,SIDM01033,original
25,0.5884922068736729,2.6087592143585506e-286,3078,SIDM00893,original
1293,0.4994033898682884,2.660483262229576e-286,4560,SIDM00924,move_diabetes_imputed
142,0.4977168389086821,5.295045098288209e-286,4591,SIDM00457,mofa_imputed
1031,0.4974466808447978,7.849251334450813e-286,4594,SIDM00890,vae_imputed
1341,0.4973779559737971,1.0849472872040733e-284,4577,SIDM00856,vae_imputed
92,0.49758327564828075,1.1875095561216401e-284,4572,SIDM00345,mofa_imputed
1228,0.49768384830829143,1.5485221933163577e-284,4568,SIDM00108,move_diabetes_imputed
398,0.4993961149656879,2.328969038170402e-284,4529,SIDM00477,move_diabetes_imputed
51,0.4967810717667895,1.0084918475584519e-283,4574,SIDM00672,vae_imputed
1040,0.5505316671582593,1.3376632411268387e-283,3589,SIDM00865,original
876,0.4967321334435328,2.7368729787508363e-283,4568,SIDM00683,vae_imputed
967,0.49586028692278683,3.419029189063321e-283,4585,SIDM00046,mofa_imputed
973,0.4983917387857477,4.782218738202208e-283,4529,SIDM00703,move_diabetes_imputed
106,0.4961951133248755,1.0387190328230825e-282,4570,SIDM01024,vae_imputed
1354,0.4985125064398013,2.8403034768602572e-282,4514,SIDM01148,mean
533,0.49545312854630347,4.1462135142796066e-282,4576,SIDM00250,move_diabetes_imputed
27,0.4944990118220903,4.1428679239973186e-281,4580,SIDM00893,mofa_imputed
743,0.49404790041412466,4.539783005527021e-281,4589,SIDM00585,move_diabetes_imputed
1308,0.49550106210075173,5.228014073430494e-281,4557,SIDM00795,move_diabetes_imputed
736,0.49483399009836226,8.18903976074691e-281,4568,SIDM01124,vae_imputed
152,0.4936924100803312,1.515751829895519e-280,4588,SIDM01112,mofa_imputed
737,0.4946155412684697,1.5746351809857845e-280,4568,SIDM01124,mofa_imputed
103,0.49511347519432863,2.5423670543746585e-280,4554,SIDM01190,move_diabetes_imputed
359,0.49683284911795067,3.719675490436064e-280,4515,SIDM00693,mean
731,0.4931387514552179,5.231690138334535e-280,4591,SIDM00629,vae_imputed
1173,0.49303401950734366,1.8983601245958987e-279,4584,SIDM01105,move_diabetes_imputed
255,0.583921767699542,5.968215149114493e-279,3057,SIDM00572,original
326,0.49389867474582094,6.251560504058154e-279,4557,SIDM01037,vae_imputed
717,0.4926202357522162,2.6228640818950173e-278,4574,SIDM00919,mofa_imputed
859,0.49287083840844487,8.738296574994064e-278,4560,SIDM00435,mean
735,0.5637427839016861,1.4990968365236443e-277,3316,SIDM01124,original
951,0.49218300897364736,1.6772311728696032e-277,4570,SIDM00702,vae_imputed
565,0.5536619075979392,2.7152494798922504e-277,3461,SIDM01184,original
993,0.49053491976570446,1.6119187571240478e-276,4589,SIDM00290,move_diabetes_imputed
275,0.6375930167465791,2.8120753248393488e-276,2420,SIDM00124,original
98,0.4901388530513563,1.7964116103209755e-275,4580,SIDM00499,move_diabetes_imputed
175,0.538602332511342,2.2043915458210958e-275,3672,SIDM00677,original
26,0.4893759546349412,1.7074721444948446e-274,4580,SIDM00893,vae_imputed
1336,0.488923452383461,2.8512068818441226e-274,4586,SIDM00512,vae_imputed
998,0.4896985657018347,1.1759495968139762e-273,4559,SIDM00138,move_diabetes_imputed
221,0.48903249264545195,1.0914252480190205e-272,4557,SIDM00586,vae_imputed
1037,0.4881384832597895,1.1219629159687457e-272,4576,SIDM00082,mofa_imputed
820,0.6036798931599061,1.7532734520176923e-272,2747,SIDM01137,original
305,0.5630385170270846,1.4134455443733543e-271,3254,SIDM00568,original
535,0.5775275216475706,2.459137157206011e-271,3055,SIDM00799,original
1340,0.589553515483309,2.9570349858435487e-271,2902,SIDM00856,original
1332,0.48749268266120105,9.822062630127432e-271,4557,SIDM00527,mofa_imputed
48,0.4884855761031613,2.152286845857668e-270,4530,SIDM00887,move_diabetes_imputed
1268,0.48817285585309944,5.339699907444215e-270,4530,SIDM01101,move_diabetes_imputed
570,0.5766182516232625,3.771285869937817e-269,3042,SIDM01096,original
501,0.48425614045233534,1.8489788379185354e-268,4588,SIDM00909,vae_imputed
956,0.4872059457368648,7.714476301610756e-268,4514,SIDM01055,vae_imputed
801,0.48354372591847866,1.9048812352277196e-267,4586,SIDM00899,vae_imputed
521,0.4843382538219514,2.115221616859079e-267,4568,SIDM00745,vae_imputed
722,0.4837607072436873,6.578342992266614e-267,4572,SIDM00149,mofa_imputed
335,0.5244585836896081,7.556683926028173e-267,3789,SIDM00660,original
441,0.48559403795026,1.0581033511647775e-266,4529,SIDM00284,vae_imputed
1331,0.4839932009151249,2.4913103899005957e-266,4557,SIDM00527,vae_imputed
935,0.5704571584708393,1.5734066821302445e-265,3081,SIDM00649,original
425,0.5541951019984213,1.7083745511747015e-265,3305,SIDM00779,original
437,0.4832142286437661,1.7957894587292517e-265,4559,SIDM00866,mofa_imputed
1358,0.48252028239157396,1.8016266890282383e-265,4574,SIDM00609,move_diabetes_imputed
957,0.48506833623291234,3.5947972659176494e-265,4514,SIDM01055,mofa_imputed
24,0.48179143538692243,3.9032408622765933e-265,4584,SIDM01090,mean
1008,0.4812335069725552,5.192640963358985e-265,4594,SIDM01078,move_diabetes_imputed
203,0.4824081563561795,1.5912813942329583e-264,4560,SIDM01085,move_diabetes_imputed
721,0.48161558022862694,3.157384076159858e-264,4572,SIDM00149,vae_imputed
1337,0.48080202565181274,5.144565635414028e-264,4586,SIDM00512,mofa_imputed
250,0.5256019637825552,1.026466922995062e-263,3725,SIDM00522,original
550,0.5521462923773037,3.1458221821653882e-263,3306,SIDM00426,original
519,0.4800041113244729,3.415042713472847e-263,4589,SIDM00081,mean
140,0.5531734635756638,4.717703979592953e-263,3289,SIDM00457,original
1321,0.48263409343223457,5.091331744430209e-263,4529,SIDM00125,vae_imputed
1392,0.47990304290582,2.8541917361273034e-262,4575,SIDM00849,mofa_imputed
491,0.4795543325315279,4.012176966179064e-262,4580,SIDM01023,vae_imputed
673,0.47881634255679995,2.2229099835028692e-261,4583,SIDM00872,move_diabetes_imputed
1110,0.5862211622641463,2.3709595615015646e-261,2835,SIDM00151,original
327,0.47944701028619413,1.1013918328456976e-260,4557,SIDM01037,mofa_imputed
76,0.47911352305352084,4.195122662204558e-260,4554,SIDM00506,vae_imputed
189,0.47791436500551204,7.167172720492975e-260,4576,SIDM00828,mean
325,0.5606804535909266,1.1825434205673353e-259,3142,SIDM01037,original
638,0.47845286387580344,1.419563535179055e-259,4559,SIDM00729,move_diabetes_imputed
1260,0.5861726702556912,1.4675440304478857e-259,2816,SIDM00130,original
719,0.47770870488000833,1.6637238876970774e-259,4574,SIDM00919,mean
240,0.5586131003730561,1.8120648994501973e-259,3168,SIDM00336,original
716,0.47761495234992857,2.169552920995126e-259,4574,SIDM00919,vae_imputed
1322,0.47932774167319603,5.990151364458382e-259,4529,SIDM00125,mofa_imputed
810,0.5644198701858723,1.614714414516061e-258,3078,SIDM01172,original
77,0.47778739561287564,1.7809167626231725e-258,4554,SIDM00506,mofa_imputed
508,0.47644896739042525,4.521498496843559e-258,4576,SIDM00618,move_diabetes_imputed
467,0.47598924297947665,7.640775858223193e-258,4582,SIDM01027,mofa_imputed
875,0.5924383127688448,9.679313068233428e-258,2723,SIDM00683,original
110,0.530675621317642,1.6534906816171098e-257,3555,SIDM00658,original
802,0.4754881935077717,1.877669235047806e-257,4586,SIDM00899,mofa_imputed
431,0.4760446613257648,2.6890427166996272e-257,4571,SIDM00485,vae_imputed
433,0.47578121097140197,5.642555423302027e-257,4571,SIDM00485,move_diabetes_imputed
1036,0.47533905748390115,1.0297817751590657e-256,4576,SIDM00082,vae_imputed
1193,0.47455792246135275,1.3592278901479536e-256,4591,SIDM00879,move_diabetes_imputed
539,0.47469526063987677,3.7659695752154405e-256,4580,SIDM00799,mean
238,0.47383389018384536,2.2298527106422302e-255,4585,SIDM00684,move_diabetes_imputed
466,0.47321019593363023,1.8700662638167023e-254,4582,SIDM01027,vae_imputed
368,0.4728985426174992,2.0885639176053724e-254,4588,SIDM00087,move_diabetes_imputed
333,0.47500587100192637,9.454759667690648e-254,4530,SIDM00965,move_diabetes_imputed
52,0.4729643660246763,1.0241449654813578e-253,4574,SIDM00672,mofa_imputed
43,0.4716923390567595,4.1424121783408195e-253,4591,SIDM00194,move_diabetes_imputed
1275,0.5465901432107627,4.2857128684909904e-253,3256,SIDM00277,original
323,0.4722362363413497,6.041160772351768e-253,4576,SIDM00237,move_diabetes_imputed
708,0.4721631553281706,2.0321973800123957e-252,4568,SIDM00360,move_diabetes_imputed
1329,0.47223614478113096,5.170026324045215e-252,4559,SIDM00837,mean
502,0.4706366376564811,1.1367578201148712e-251,4588,SIDM00909,mofa_imputed
829,0.4713873880710608,2.8884588253099333e-251,4564,SIDM00762,mean
218,0.4729069658998869,3.1663959235157283e-251,4530,SIDM00689,move_diabetes_imputed
1255,0.5077361043008711,4.774919079359306e-251,3844,SIDM01077,original
411,0.47062054253485197,6.059501285215261e-251,4575,SIDM00429,vae_imputed
394,0.4738480792101918,6.420006885481456e-251,4504,SIDM00607,mean
483,0.47105641444809515,1.3514794209694523e-250,4559,SIDM00654,move_diabetes_imputed
432,0.47038837495523267,1.8997116289710477e-250,4571,SIDM00485,mofa_imputed
814,0.4698062727293405,3.079300590901737e-250,4580,SIDM01172,mean
54,0.4696980707560938,8.775112831573547e-250,4574,SIDM00672,mean
525,0.5314133014054002,2.0839961860496232e-249,3431,SIDM00675,original
586,0.47248895960829773,2.6845527444450766e-249,4504,SIDM00487,vae_imputed
191,0.46722527984659196,1.5118584687253804e-248,4606,SIDM00789,vae_imputed
268,0.4686095223414556,2.8842352856149347e-248,4570,SIDM00715,move_diabetes_imputed
1056,0.4709969386783004,4.520570078080504e-248,4514,SIDM01199,vae_imputed
459,0.46774656857977404,5.445844650778428e-248,4584,SIDM00920,mean
608,0.46642426917116797,1.3685723058279866e-247,4606,SIDM00832,move_diabetes_imputed
560,0.5449518894847745,2.6009361391860684e-247,3204,SIDM01030,original
364,0.47045497988125046,4.7697472374072026e-247,4507,SIDM00327,mean
1178,0.4702765117639147,1.1285754577778609e-246,4504,SIDM00640,move_diabetes_imputed
1109,0.4676920404826678,1.2264271620654945e-246,4560,SIDM00318,mean
199,0.46714593262701204,2.030704235313777e-246,4568,SIDM01076,mean
1310,0.5634530219645999,2.0785793876322025e-246,2945,SIDM00541,original
442,0.46791274527949295,3.102385786193795e-245,4529,SIDM00284,mofa_imputed
896,0.46552033095191614,5.654422189497591e-245,4577,SIDM01008,vae_imputed
1018,0.4675711037621966,7.837422211259928e-245,4529,SIDM01130,move_diabetes_imputed
1250,0.5696961942510692,2.742882448492738e-244,2842,SIDM01188,original
165,0.5505013039368417,7.361367426000339e-244,3083,SIDM00405,original
42,0.46386751861265285,9.183726014070241e-244,4591,SIDM00194,mofa_imputed
600,0.5731644301482375,1.3612553807258286e-243,2792,SIDM00749,original
1074,0.4643777023409591,1.422123406905472e-243,4576,SIDM01084,mean
730,0.5332400641626962,3.8534270494708084e-243,3317,SIDM00629,original
587,0.46695334886964435,9.061517384753229e-243,4504,SIDM00487,mofa_imputed
408,0.4633934415889874,1.2571298539865162e-242,4580,SIDM00921,move_diabetes_imputed
1064,0.4635147980265461,1.6584612367634673e-242,4575,SIDM00713,mean
371,0.46267488733300405,5.4034515550852286e-242,4584,SIDM00136,vae_imputed
695,0.5956231087938955,5.809180977519765e-242,2521,SIDM01062,original
32,0.4627891044800325,1.1754221812898586e-241,4575,SIDM01141,mofa_imputed
558,0.4626726202435637,1.426144733592516e-241,4576,SIDM00614,move_diabetes_imputed
236,0.46222848185844045,1.5973827421818196e-241,4585,SIDM00684,vae_imputed
1286,0.4622282992730015,1.598169286750364e-241,4585,SIDM00673,vae_imputed
33,0.46252499226581556,2.3944962741454934e-241,4575,SIDM01141,move_diabetes_imputed
1242,0.46268289224872206,3.6391304788423614e-241,4568,SIDM00371,mofa_imputed
918,0.4626109836292103,1.30632149736876e-240,4559,SIDM00328,move_diabetes_imputed
329,0.4626459880853011,1.5133388463828645e-240,4557,SIDM01037,mean
1096,0.46148124426029097,1.711681840645211e-240,4582,SIDM00594,vae_imputed
1057,0.4643877872078176,2.596102362023232e-240,4514,SIDM01199,mofa_imputed
1111,0.46166850815895283,3.4336317267362374e-240,4572,SIDM00151,vae_imputed
150,0.5317034864791778,1.5172091301722638e-239,3290,SIDM01112,original
1418,0.46091877056441394,1.5877841508852525e-239,4576,SIDM00581,move_diabetes_imputed
851,0.45946862370515,2.6311355493351983e-238,4585,SIDM01020,vae_imputed
1287,0.45905228338818754,7.995396755334495e-238,4585,SIDM00673,mofa_imputed
782,0.4615524701479573,8.126752749657419e-238,4529,SIDM01067,mofa_imputed
138,0.45915484628506625,8.67707419780849e-238,4582,SIDM00088,move_diabetes_imputed
665,0.5604992128713195,1.739550266841354e-237,2874,SIDM00333,original
1285,0.5241972250853878,2.3817727189561186e-237,3371,SIDM00673,original
1449,0.4617308526686983,2.7139555407719056e-237,4515,SIDM00996,mean
845,0.5346387442847969,4.900929664959403e-237,3213,SIDM00097,original
799,0.45995328590437146,7.451127328497257e-237,4546,SIDM00116,mean
46,0.4603441910625059,1.777141118151584e-236,4530,SIDM00887,vae_imputed
1035,0.5220639137091054,2.824824505761898e-236,3388,SIDM00082,original
1391,0.45790521304750165,5.504495882383132e-236,4575,SIDM00849,vae_imputed
105,0.5153309351161816,9.446826702323663e-236,3485,SIDM01024,original
372,0.45677247160360623,3.846004057702126e-235,4584,SIDM00136,mofa_imputed
618,0.4573737051604501,5.121027641159948e-235,4568,SIDM00685,move_diabetes_imputed
1114,0.4571714452218588,5.465073877714828e-235,4572,SIDM00151,mean
47,0.4588297151335207,9.692003110128082e-235,4530,SIDM00887,mofa_imputed
700,0.5001711456503726,1.0826006194872596e-234,3719,SIDM01111,original
309,0.45951320065160245,3.499983048684532e-234,4504,SIDM00568,mean
192,0.45495280579343306,3.6435253434587827e-234,4606,SIDM00789,mofa_imputed
579,0.45949663874444285,3.655474764093595e-234,4504,SIDM01038,mean
90,0.536007650955204,6.621666010485811e-234,3151,SIDM00345,original
292,0.4567409912463603,6.944849413534171e-234,4560,SIDM00628,mofa_imputed
1034,0.45508538880355415,1.0340447692841033e-233,4594,SIDM00890,mean
963,0.4552291065776861,2.2625939323937453e-233,4584,SIDM00494,move_diabetes_imputed
101,0.45575405711956507,1.8702777350400686e-232,4554,SIDM01190,vae_imputed
291,0.45544539472648915,2.0885919584301088e-232,4560,SIDM00628,vae_imputed
694,0.45727393460247423,1.2218491942708147e-231,4504,SIDM01016,mean
423,0.4552691721993046,1.6873611910553787e-231,4546,SIDM00547,move_diabetes_imputed
492,0.4536323817699136,2.3774878193460727e-231,4580,SIDM01023,mofa_imputed
71,0.45334415581954574,4.0135854851084116e-231,4582,SIDM00132,vae_imputed
852,0.4530592986182672,5.986276954229696e-231,4585,SIDM01020,mofa_imputed
463,0.4561062553190781,7.917513351338024e-231,4514,SIDM01108,move_diabetes_imputed
1159,0.45167078814155703,9.156526824218481e-231,4613,SIDM00940,mean
1123,0.45422254633691034,1.0245506508067533e-230,4554,SIDM00588,move_diabetes_imputed
574,0.45258558098218793,1.0370097221461324e-230,4591,SIDM01096,mean
675,0.5198341813505931,3.1234052767378677e-230,3334,SIDM00812,original
97,0.45248611151748375,4.7470408806348855e-230,4580,SIDM00499,mofa_imputed
666,0.45566275328751016,5.66538566066597e-230,4507,SIDM00333,vae_imputed
412,0.452374935965821,1.1248769226533895e-229,4575,SIDM00429,mofa_imputed
216,0.45322428066152487,2.1800403220295613e-228,4530,SIDM00689,vae_imputed
298,0.4509974435954375,4.5110338871202276e-228,4574,SIDM01110,move_diabetes_imputed
102,0.4515961745329869,9.363771840636377e-228,4554,SIDM01190,mofa_imputed
183,0.45068669297324604,2.5033837664276017e-227,4566,SIDM00339,move_diabetes_imputed
1227,0.4505233789291724,3.04152016732029e-227,4568,SIDM00108,mofa_imputed
498,0.4509506695780872,4.956875004631317e-227,4554,SIDM00926,move_diabetes_imputed
217,0.4519549902678635,5.759360773138994e-227,4530,SIDM00689,mofa_imputed
319,0.4509501046393141,1.233572875752934e-226,4546,SIDM01056,mean
776,0.4490591855485863,1.9476129189087974e-226,4585,SIDM00680,vae_imputed
1396,0.4496092235694362,8.888952384362678e-226,4559,SIDM00122,vae_imputed
667,0.4518666542785015,1.0019872596202885e-225,4507,SIDM00333,mofa_imputed
1223,0.45170377284029456,1.520248919623238e-225,4507,SIDM00615,move_diabetes_imputed
72,0.44828434638072245,2.0085895490779747e-225,4582,SIDM00132,mofa_imputed
684,0.447969615517764,3.222310806417594e-225,4585,SIDM00513,mean
1241,0.44847388152646933,5.949226036439862e-225,4568,SIDM00371,vae_imputed
1030,0.5150866581945259,7.757234498614233e-225,3326,SIDM00890,original
1181,0.4471143114602847,1.0602213823230766e-224,4594,SIDM00803,vae_imputed
61,0.4495261787380761,2.913791784123324e-224,4530,SIDM01028,vae_imputed
120,0.5581366838018882,3.253082816753621e-224,2740,SIDM00349,original
1226,0.4474670466014066,7.841018576505792e-224,4568,SIDM00108,vae_imputed
1199,0.4477358554588743,1.8904079728890156e-223,4554,SIDM00107,mean
237,0.4457659093289774,9.108017163212582e-223,4585,SIDM00684,mofa_imputed
880,0.5554792814241538,1.0515761348548969e-222,2753,SIDM01082,original
527,0.44629167044878837,1.5739325985384177e-222,4568,SIDM00675,mofa_imputed
777,0.44547427840630943,1.916288381832822e-222,4585,SIDM00680,mofa_imputed
436,0.44636111017270846,3.587852043123539e-222,4559,SIDM00866,vae_imputed
1213,0.44518848367274677,3.969419791034819e-222,4585,SIDM00957,move_diabetes_imputed
590,0.5745971109976356,9.75748594499806e-222,2524,SIDM00486,original
1421,0.4458186807946799,1.4230312546954632e-221,4559,SIDM00885,vae_imputed
41,0.44434522106006663,1.7509712076870856e-221,4591,SIDM00194,vae_imputed
636,0.4449975398268677,1.14021682065936e-220,4559,SIDM00729,vae_imputed
569,0.44451543245668473,3.456219976492614e-220,4560,SIDM01184,mean
749,0.4431158807904665,3.964427428917011e-220,4591,SIDM01147,mean
1335,0.4930154579575837,9.525464912827935e-220,3598,SIDM00512,original
264,0.4434542972760528,1.5054423581751627e-219,4571,SIDM00875,mean
494,0.4430032713898653,1.755386508790893e-219,4580,SIDM01023,mean
1405,0.5580042142298844,2.6556979037545995e-219,2681,SIDM00560,original
280,0.5143197853435462,2.977211281305583e-219,3254,SIDM01164,original
1393,0.44298109873019315,3.207019729535556e-219,4575,SIDM00849,move_diabetes_imputed
1388,0.4426315811109742,4.437771397245535e-218,4559,SIDM00831,move_diabetes_imputed
1085,0.5024590241529172,4.565687564161854e-218,3417,SIDM00841,original
1422,0.4425332138590736,5.680805082007189e-218,4559,SIDM00885,mofa_imputed
992,0.441208699181349,6.070801881197206e-218,4589,SIDM00290,mofa_imputed
147,0.44164789611921684,7.397561657225228e-218,4577,SIDM01005,mofa_imputed
781,0.44364419538213157,9.339882774875838e-218,4529,SIDM01067,vae_imputed
897,0.44139606139919046,1.3923739974712067e-217,4577,SIDM01008,mofa_imputed
849,0.44102088197963074,2.0770572271300283e-217,4582,SIDM00097,mean
380,0.530134878901638,2.6378540074403473e-217,3003,SIDM00139,original
38,0.4408123625225938,7.47159775286834e-217,4575,SIDM00608,move_diabetes_imputed
440,0.50315553346385,4.922469467468369e-216,3374,SIDM00284,original
514,0.4396509169046279,5.175237876805815e-216,4584,SIDM00783,mean
1318,0.4402151869036021,8.783272161958875e-216,4566,SIDM00533,move_diabetes_imputed
526,0.4399454375762234,1.387458014376044e-215,4568,SIDM00675,vae_imputed
163,0.43886547440903223,4.554116544512686e-215,4582,SIDM00080,move_diabetes_imputed
1397,0.4395861832697528,8.933977671702974e-215,4559,SIDM00122,mofa_imputed
1168,0.4397944687233926,9.115360988784161e-215,4554,SIDM00348,move_diabetes_imputed
416,0.43752802728271045,1.1384014383396737e-213,4583,SIDM00321,vae_imputed
154,0.43689275006972195,3.235209190230146e-213,4588,SIDM01112,mean
220,0.5555805331538065,6.22033555126364e-213,2630,SIDM00586,original
740,0.512382323160844,1.4091565059711827e-212,3182,SIDM00585,original
490,0.5244802826378784,1.5117362159851632e-212,3012,SIDM01023,original
891,0.4373439855338892,2.3016553738124687e-212,4559,SIDM01150,vae_imputed
800,0.5545998099901512,2.837386459704169e-212,2633,SIDM00899,original
62,0.4379057082443765,1.2641376885820926e-211,4530,SIDM01028,mofa_imputed
939,0.4353658993120114,1.2691839888792384e-211,4589,SIDM00649,mean
96,0.43573217966092065,1.3269691967513643e-211,4580,SIDM00499,vae_imputed
529,0.4359433180479782,2.7963897062141776e-211,4568,SIDM00675,mean
1188,0.43486759321864377,4.81274781463302e-211,4588,SIDM00833,move_diabetes_imputed
744,0.4347252306321186,6.152100022756553e-211,4589,SIDM00585,mean
1365,0.5378464416296068,1.213361969242182e-210,2812,SIDM00855,original
435,0.5503135686836171,1.4285692858763976e-210,2661,SIDM00866,original
1330,0.5056419882255528,2.0598125904188254e-210,3248,SIDM00527,original
637,0.43535498221032376,3.059269319972065e-210,4559,SIDM00729,mofa_imputed
332,0.43640624603916645,4.975657309734696e-210,4530,SIDM00965,mofa_imputed
863,0.4350855972111678,5.917492478560426e-210,4559,SIDM00755,move_diabetes_imputed
971,0.43614875400228015,1.0370879458794445e-209,4529,SIDM00703,vae_imputed
1182,0.4331557575733845,1.7228175394560026e-209,4594,SIDM00803,mofa_imputed
31,0.4339153269749343,1.94228834510376e-209,4575,SIDM01141,vae_imputed
1357,0.4339325868046423,2.0669064005937125e-209,4574,SIDM00609,mofa_imputed
658,0.4339662196246107,3.5622556092289247e-209,4568,SIDM00092,move_diabetes_imputed
396,0.4354499021985615,5.697333834473883e-209,4529,SIDM00477,vae_imputed
606,0.4321385427192792,5.995836529498905e-209,4606,SIDM00832,vae_imputed
892,0.43396024128788935,9.252704547989688e-209,4559,SIDM01150,mofa_imputed
1097,0.4324244659246389,3.5778374057934415e-208,4582,SIDM00594,mofa_imputed
1066,0.431985688872378,1.2814956188777393e-207,4580,SIDM00090,vae_imputed
353,0.4331741093533614,2.426700229928978e-207,4546,SIDM00392,move_diabetes_imputed
179,0.4315128385830256,3.292358186763189e-207,4582,SIDM00677,mean
1209,0.43193884704070373,4.96447017384369e-207,4568,SIDM00548,mean
1163,0.4309527350653515,2.3780109585137335e-206,4576,SIDM00105,move_diabetes_imputed
1291,0.43125041388904006,6.00435063283591e-206,4560,SIDM00924,vae_imputed
554,0.42975907865882806,1.6995216586202817e-205,4585,SIDM00426,mean
1420,0.47540018779225535,1.8997827696410885e-205,3654,SIDM00885,original
1078,0.4296415570660542,2.0387259033577114e-205,4586,SIDM01000,move_diabetes_imputed
991,0.42944494857911925,2.4142339244725954e-205,4589,SIDM00290,vae_imputed
244,0.4292915274886389,7.141373262431628e-205,4582,SIDM00336,mean
146,0.429375108319467,9.72044930576076e-205,4577,SIDM01005,vae_imputed
1386,0.42951437681552934,4.3631220649634964e-204,4559,SIDM00831,vae_imputed
182,0.42820148633789556,4.9927995899199456e-203,4566,SIDM00339,mofa_imputed
321,0.4271261948970321,2.382852305349832e-202,4576,SIDM00237,vae_imputed
955,0.48507355170282984,2.5442010085432327e-202,3436,SIDM01055,original
429,0.42630119056610516,6.265205246641943e-202,4586,SIDM00779,mean
121,0.42609027329312077,1.0371195196065231e-201,4586,SIDM00349,vae_imputed
890,0.5078104140067683,2.7748792150361513e-201,3075,SIDM01150,original
741,0.4250928010423521,8.29714330590323e-201,4589,SIDM00585,vae_imputed
793,0.42843761824968274,1.1314287924445113e-200,4507,SIDM01182,move_diabetes_imputed
190,0.45753492347450553,1.2279152388762609e-200,3891,SIDM00789,original
1067,0.4251905360605511,1.614107141206904e-200,4580,SIDM00090,mofa_imputed
996,0.42532615692027453,9.523212580405857e-200,4559,SIDM00138,vae_imputed
710,0.4895443701482601,1.120072276060021e-199,3320,SIDM00884,original
950,0.5097307661963576,2.212717341521618e-199,3019,SIDM00702,original
1356,0.42416620088690105,3.3334084430435013e-199,4574,SIDM00609,vae_imputed
995,0.5477361015102875,4.423751214482908e-199,2543,SIDM00138,original
1112,0.4238545029824277,8.496643137400569e-199,4572,SIDM00151,mofa_imputed
866,0.4235910171723496,1.0656953785745947e-198,4576,SIDM01163,vae_imputed
1180,0.4882397410103687,2.7274809024520293e-198,3317,SIDM00803,original
449,0.42270287547682805,3.2359670110653138e-198,4586,SIDM00461,mean
999,0.42320095464132057,1.4357857571790413e-197,4559,SIDM00138,mean
720,0.5000958385235561,5.183320876391748e-197,3118,SIDM00149,original
767,0.4212938375131502,5.486663187726286e-197,4591,SIDM01031,mofa_imputed
1248,0.4203831775850283,5.661983702210835e-196,4589,SIDM00718,move_diabetes_imputed
817,0.4213128673302088,1.2001687681164822e-195,4559,SIDM00778,mofa_imputed
1439,0.4224875351270806,1.4693020423361747e-195,4529,SIDM00505,mean
607,0.418438789229884,1.0350411731771566e-194,4606,SIDM00832,mofa_imputed
213,0.4203587856697981,1.1113900785117492e-194,4559,SIDM01040,move_diabetes_imputed
169,0.41895745572358245,1.3100126876779284e-194,4591,SIDM00405,mean
59,0.41941102783993406,2.138187263187084e-194,4575,SIDM00335,mean
1401,0.4218946354071965,2.3075657306144242e-194,4515,SIDM00498,vae_imputed
520,0.5347322669667234,6.089279294644507e-194,2623,SIDM00745,original
1306,0.4191098167500843,2.4576361450604635e-193,4557,SIDM00795,vae_imputed
489,0.418845528650782,3.737756173294527e-193,4559,SIDM00589,mean
95,0.4775429307661659,3.8549600170433093e-193,3398,SIDM00499,original
824,0.42055220698838425,5.1509142804376285e-193,4515,SIDM01137,mean
1044,0.417254466428126,1.483865503785051e-192,4583,SIDM00865,mean
816,0.4181153286947842,2.0254272054259766e-192,4559,SIDM00778,vae_imputed
916,0.4180760219217395,2.2180496114241536e-192,4559,SIDM00328,vae_imputed
1266,0.41924871369929506,2.4281535675695186e-192,4530,SIDM01101,vae_imputed
766,0.41619457117668823,8.036833710931307e-192,4591,SIDM01031,vae_imputed
711,0.41717873849984277,1.0898320301154512e-191,4564,SIDM00884,vae_imputed
312,0.41639508701735706,1.1917934015047114e-191,4582,SIDM00798,mofa_imputed
1390,0.5413352489220407,2.018155286569663e-191,2514,SIDM00849,original
970,0.46991984653983243,2.028666609551945e-191,3493,SIDM00703,original
279,0.41624276919426373,2.9999284935819565e-191,4576,SIDM00124,mean
585,0.46262122381574833,4.211960927236102e-191,3613,SIDM00487,original
1387,0.4165533371518307,7.41876251832733e-191,4559,SIDM00831,mofa_imputed
144,0.41468457701188133,2.6161455222099125e-190,4591,SIDM00457,mean
1307,0.41581639032539414,4.873007715897354e-190,4557,SIDM00795,mofa_imputed
1453,0.4153925681992334,1.0643498606787083e-189,4559,SIDM01146,move_diabetes_imputed
417,0.41433493383364,1.2427019268555465e-189,4583,SIDM00321,mofa_imputed
481,0.4149589809968807,2.8707810718715704e-189,4559,SIDM00654,vae_imputed
972,0.41589629037917974,5.811340154936619e-189,4529,SIDM00703,mofa_imputed
3,0.4138189875681992,2.0049064150807474e-188,4566,SIDM00942,move_diabetes_imputed
739,0.4137108845286734,2.1259712612581443e-188,4568,SIDM01124,mean
867,0.41315802904845805,3.5424319870835344e-188,4576,SIDM01163,mofa_imputed
1383,0.412921541383558,4.1776851895378643e-188,4580,SIDM00860,move_diabetes_imputed
1171,0.41226062452774515,1.2972560226665222e-187,4584,SIDM01105,vae_imputed
1292,0.4132089608604368,1.4127947968029274e-187,4560,SIDM00924,mofa_imputed
500,0.470615891074451,1.5377631301858916e-187,3410,SIDM00909,original
259,0.4115198172734517,2.7648923721884236e-187,4594,SIDM00572,mean
158,0.41262957862787464,3.6248973955950624e-187,4564,SIDM00687,move_diabetes_imputed
1320,0.4853438528254161,1.6134275046674665e-186,3161,SIDM00125,original
1017,0.41277222482665804,6.916017041668276e-186,4529,SIDM01130,mofa_imputed
290,0.4692413480639368,1.0230779455087548e-185,3399,SIDM00628,original
181,0.4107336892772728,2.2023762077962522e-185,4566,SIDM00339,vae_imputed
482,0.4109098360062383,2.828753556008423e-185,4559,SIDM00654,mofa_imputed
115,0.5053344605262942,3.011410657130215e-185,2860,SIDM00554,original
712,0.41043249953499594,5.226772942370285e-185,4564,SIDM00884,mofa_imputed
422,0.4097662178348522,1.2276348816077207e-183,4546,SIDM00547,mofa_imputed
331,0.409701003503911,6.189844101151852e-183,4530,SIDM00965,vae_imputed
780,0.5066627043526134,8.01023241897278e-183,2805,SIDM01067,original
100,0.5081013358489225,1.1727472528518717e-182,2784,SIDM01190,original
1385,0.4447702786811337,2.5136203200268572e-182,3764,SIDM00831,original
68,0.40771105721358325,3.695489944319488e-182,4559,SIDM00850,move_diabetes_imputed
651,0.40717477825895043,4.1099261528438175e-182,4571,SIDM00748,vae_imputed
895,0.4690863907966377,5.169869302253719e-182,3333,SIDM01008,original
1176,0.4097239903083191,6.429641071909431e-182,4504,SIDM00640,vae_imputed
1363,0.40678099348440544,1.0832114149947581e-181,4570,SIDM00973,move_diabetes_imputed
734,0.40550586183834103,2.794067450612278e-181,4591,SIDM00629,mean
534,0.40577101384844216,5.971401497258918e-181,4576,SIDM00250,mean
173,0.4056564259378702,7.041358866199299e-181,4577,SIDM00120,move_diabetes_imputed
530,0.480693255431384,8.816790811541111e-181,3131,SIDM00250,original
635,0.4839031140574472,9.661800925511595e-181,3083,SIDM00729,original
1289,0.4042983956735564,7.011262652093055e-180,4585,SIDM00673,mean
40,0.5255905477496274,7.282228465035537e-180,2532,SIDM00194,original
75,0.4737422708856145,1.4028712998520545e-179,3215,SIDM00506,original
917,0.4049628607264914,1.650802335921634e-179,4559,SIDM00328,mofa_imputed
99,0.4040851491356858,1.7574066575866782e-179,4580,SIDM00499,mean
1023,0.40466849500925794,2.0214423627240305e-179,4564,SIDM00925,move_diabetes_imputed
13,0.4034869086761284,3.238026056999295e-179,4588,SIDM01125,move_diabetes_imputed
850,0.4775619409052273,4.341727288232263e-179,3148,SIDM01020,original
303,0.4038601152579567,5.899227228324304e-179,4572,SIDM00756,move_diabetes_imputed
1294,0.4041925371393731,8.265101508605001e-179,4560,SIDM00924,mean
94,0.4036794817163985,8.789007128212335e-179,4572,SIDM00345,mean
652,0.40346996220638937,1.5249937135896623e-178,4571,SIDM00748,mofa_imputed
79,0.4035468798827998,5.842538632371142e-178,4554,SIDM00506,mean
133,0.40263519888802235,6.151817069058775e-178,4576,SIDM01156,move_diabetes_imputed
1334,0.4031294478672237,1.1191459382324863e-177,4557,SIDM00527,mean
648,0.40288329795277855,1.608524168184248e-177,4559,SIDM00728,move_diabetes_imputed
1121,0.40294348045311046,2.1962000648104446e-177,4554,SIDM00588,vae_imputed
366,0.40151211291718064,2.5208765539812777e-177,4588,SIDM00087,vae_imputed
161,0.4016817041967071,2.9456115499648767e-177,4582,SIDM00080,vae_imputed
444,0.4035822552582593,5.002508001608008e-177,4529,SIDM00284,mean
903,0.4041733750930226,1.279775538381983e-176,4504,SIDM01194,move_diabetes_imputed
1006,0.4004856529078527,1.4173764763758518e-176,4594,SIDM01078,vae_imputed
202,0.4018325483834295,1.4709680060326257e-176,4560,SIDM01085,mofa_imputed
1402,0.403478184467645,2.181584632435797e-176,4515,SIDM00498,mofa_imputed
532,0.40086657313008234,2.978877072173508e-176,4576,SIDM00250,mofa_imputed
122,0.4003642548528013,3.7233676487420805e-176,4586,SIDM00349,mofa_imputed
1016,0.40239860615755213,6.6083896473845e-176,4529,SIDM01130,vae_imputed
1089,0.40111792445204897,9.117028372362225e-176,4557,SIDM00841,mean
506,0.4001480212090373,1.43127868466696e-175,4576,SIDM00618,vae_imputed
341,0.3993809234143353,1.5905776782027522e-175,4594,SIDM00791,vae_imputed
1259,0.40057391150870914,3.8768837399518824e-175,4554,SIDM01077,mean
531,0.39902491647767,1.6512388821640825e-174,4576,SIDM00250,vae_imputed
342,0.39826705943724594,1.8041219949104422e-174,4594,SIDM00791,mofa_imputed
706,0.3992011153271824,2.2563062940544793e-174,4568,SIDM00360,vae_imputed
1367,0.39827340451709964,2.30634284196675e-174,4591,SIDM00855,mofa_imputed
1229,0.3991609163376013,2.462031303382881e-174,4568,SIDM00108,mean
1443,0.39842684218009694,2.5461405048250568e-174,4586,SIDM00582,move_diabetes_imputed
70,0.46585003994631224,9.900056428847402e-174,3230,SIDM00132,original
1161,0.39773607578363435,2.7012750789498898e-173,4576,SIDM00105,vae_imputed
843,0.39755073306052835,3.700559796577611e-173,4577,SIDM01072,move_diabetes_imputed
421,0.3983967285082864,8.657520137131576e-173,4546,SIDM00547,vae_imputed
465,0.49110306512112556,9.523584958766964e-173,2847,SIDM01027,original
1267,0.39897978777313553,9.873668194389073e-173,4530,SIDM01101,mofa_imputed
808,0.39772117230012527,1.108119229755972e-172,4560,SIDM01079,move_diabetes_imputed
1225,0.4882981524621306,1.3836201626023963e-172,2882,SIDM00108,original
296,0.3966577172963541,3.2916000092878323e-172,4574,SIDM01110,vae_imputed
1414,0.3987143270255057,6.412194475214255e-172,4515,SIDM01089,mean
89,0.3962142700944461,1.0146230721778274e-171,4572,SIDM00272,mean
1172,0.39562133446102987,1.3042997947657765e-171,4584,SIDM01105,mofa_imputed
254,0.3949984524709045,3.2537633316345543e-171,4589,SIDM00522,mean
1007,0.3946581253392485,4.423955550460779e-171,4594,SIDM01078,mofa_imputed
742,0.394236920019413,1.6683932257018437e-170,4589,SIDM00585,mofa_imputed
397,0.3960883124158201,5.240875827183242e-170,4529,SIDM00477,mofa_imputed
1218,0.3934747664016258,5.5982448419793136e-170,4594,SIDM00419,move_diabetes_imputed
596,0.3932327910568928,2.002640850534823e-169,4585,SIDM01010,vae_imputed
1221,0.3962021916476338,2.6970727285027355e-169,4507,SIDM00615,vae_imputed
322,0.3925644709666701,1.7696547935397988e-168,4576,SIDM00237,mofa_imputed
707,0.39282763313583113,1.9789017817452395e-168,4568,SIDM00360,mofa_imputed
311,0.3922614037368404,2.039376460370195e-168,4582,SIDM00798,vae_imputed
45,0.46421078298628254,2.997142610441255e-168,3152,SIDM00887,original
8,0.3914802758336404,5.059818855438027e-168,4591,SIDM00716,move_diabetes_imputed
674,0.39172915570664113,5.810413496725132e-168,4583,SIDM00872,mean
201,0.392319386182912,1.1361806398538294e-167,4560,SIDM01085,vae_imputed
1120,0.46707345400341616,2.56881290341603e-167,3091,SIDM00588,original
657,0.3914990265018896,3.3026802504124066e-167,4568,SIDM00092,mofa_imputed
656,0.39074530236718047,1.6212909961549336e-166,4568,SIDM00092,vae_imputed
865,0.4636447776851615,1.2376836461648268e-165,3111,SIDM01163,original
524,0.3895759656920007,1.8980289251060021e-165,4568,SIDM00745,mean
548,0.3894121623737332,2.0909930767198442e-165,4571,SIDM00771,move_diabetes_imputed
30,0.4971740832952593,2.261557626869031e-165,2648,SIDM01141,original
1264,0.38832749517949566,6.457311278654053e-165,4585,SIDM00130,mean
1055,0.4585640475167958,8.554491950223196e-165,3173,SIDM01199,original
556,0.38842099412009273,1.1088627496996836e-164,4576,SIDM00614,vae_imputed
1103,0.3901280521417772,1.376030202099942e-164,4530,SIDM00552,move_diabetes_imputed
370,0.44769911064966816,3.147634989548964e-164,3337,SIDM00136,original
109,0.3880184813502838,4.204435077579882e-164,4570,SIDM01024,mean
605,0.4630104765967751,7.204582190415925e-164,3087,SIDM00832,original
704,0.38702438417216317,2.2268946971542383e-163,4575,SIDM01111,mean
310,0.45412732318236,2.8136632870520517e-163,3213,SIDM00798,original
1166,0.38771261348743263,2.936318465140587e-163,4554,SIDM00348,vae_imputed
1369,0.3861276315182587,3.9486244784570126e-163,4591,SIDM00855,mean
284,0.3892291399909622,5.934577806595228e-163,4507,SIDM01164,mean
1290,0.48056974501102184,1.0844796521025958e-162,2816,SIDM00924,original
114,0.38655869580962565,1.4321805689232852e-162,4564,SIDM00658,mean
773,0.38567822933360135,1.7708782108924885e-162,4584,SIDM00534,move_diabetes_imputed
339,0.3856077035609115,2.409092412217102e-162,4582,SIDM00660,mean
1203,0.38638807097961536,2.821041278277585e-162,4560,SIDM01066,move_diabetes_imputed
224,0.3864957313169764,2.877481456418859e-162,4557,SIDM00586,mean
1122,0.38660166329318946,2.9461971631784908e-162,4554,SIDM00588,mofa_imputed
239,0.3851564011491624,4.82949920550026e-162,4585,SIDM00684,mean
60,0.45000569075640195,5.031054091982881e-162,3254,SIDM01028,original
1212,0.38508599447895964,5.589191452711395e-162,4585,SIDM00957,mofa_imputed
597,0.3850495025699686,6.028752942574765e-162,4585,SIDM01010,mofa_imputed
670,0.4672623811308444,2.9591085855091043e-161,2975,SIDM00872,original
469,0.38402482742827504,6.394568478328458e-161,4582,SIDM01027,mean
609,0.38303651752879825,7.292784691610483e-161,4606,SIDM00832,mean
1240,0.45373576130405935,9.274415839621236e-161,3169,SIDM00371,original
504,0.38344095626279195,1.3231185739584657e-160,4588,SIDM00909,mean
297,0.3837913564915322,1.9604740946198786e-160,4574,SIDM01110,mofa_imputed
765,0.41993600742762327,4.355163877036474e-160,3749,SIDM01031,original
1355,0.475938396669753,7.566598278867618e-160,2828,SIDM00609,original
616,0.38286736144860206,2.11174578272407e-159,4568,SIDM00685,vae_imputed
1366,0.38188265134603144,2.581773808887256e-159,4591,SIDM00855,vae_imputed
788,0.3847761122572668,3.1633139993348237e-159,4514,SIDM00449,move_diabetes_imputed
1222,0.3849511078136004,3.8829062005237595e-159,4507,SIDM00615,mofa_imputed
1091,0.38173912494870343,5.564476551616948e-159,4585,SIDM00437,vae_imputed
406,0.38128291116787033,2.099803323204667e-158,4580,SIDM00921,vae_imputed
104,0.38227349919644193,2.1578184994618886e-158,4554,SIDM01190,mean
1395,0.4257938015312052,5.8988036726778534e-158,3587,SIDM00122,original
1394,0.3809081630835633,6.686995136125503e-158,4575,SIDM00849,mean
235,0.5033632253639946,2.3633224837502407e-157,2447,SIDM00684,original
919,0.3807767847619581,3.066206390369573e-157,4559,SIDM00328,mean
403,0.3797411961701396,3.299529374859201e-157,4585,SIDM00759,move_diabetes_imputed
1316,0.3803673675710093,4.071725555927509e-157,4566,SIDM00533,vae_imputed
879,0.3799463675959783,8.18984835306827e-157,4568,SIDM00683,mean
1177,0.3823524495321692,9.603833046262406e-157,4504,SIDM00640,mofa_imputed
1211,0.37905486147632617,1.3324879530755012e-156,4585,SIDM00957,vae_imputed
340,0.4371160419842409,1.433707396598225e-156,3354,SIDM00791,original
507,0.3788730168818705,3.8751537581597904e-156,4576,SIDM00618,mofa_imputed
557,0.37875487165729627,4.922927865349312e-156,4576,SIDM00614,mofa_imputed
1210,0.4524886008035308,1.3524077379449713e-155,3085,SIDM00957,original
1416,0.378185100850026,1.5590334264254115e-155,4576,SIDM00581,vae_imputed
671,0.37777876102010666,2.064806050291388e-155,4583,SIDM00872,vae_imputed
1400,0.44177697757894774,2.326025721656986e-155,3250,SIDM00498,original
1247,0.3774697625664525,2.429031973926307e-155,4589,SIDM00718,mofa_imputed
1317,0.3783325804848721,2.5077328925072076e-155,4566,SIDM00533,mofa_imputed
1417,0.3778235218382695,3.2362231974265448e-155,4576,SIDM00581,mofa_imputed
1441,0.37738101594356666,3.6607682709654654e-155,4586,SIDM00582,vae_imputed
804,0.37699257287966,8.0183181653496e-155,4586,SIDM00899,mean
1174,0.3769341388287054,1.0517533982117607e-154,4584,SIDM01105,mean
915,0.46156108552909647,1.9223441901535543e-154,2928,SIDM00328,original
461,0.3793080132247454,1.993143133198711e-154,4514,SIDM01108,vae_imputed
1442,0.3761856841874883,4.07303185801381e-154,4586,SIDM00582,mofa_imputed
1433,0.3761085840189462,9.457031573795498e-154,4577,SIDM00602,move_diabetes_imputed
884,0.37648380194456327,1.6351466147890866e-153,4560,SIDM01082,mean
162,0.3752590826572447,3.548286980558801e-153,4582,SIDM00080,mofa_imputed
714,0.37580751572513116,4.660555374546373e-153,4564,SIDM00884,mean
301,0.37548385077755464,4.84051129157591e-153,4572,SIDM00756,vae_imputed
1184,0.37448166402335437,6.77767460168374e-153,4594,SIDM00803,mean
1065,0.4654434758290643,1.0966233740015038e-152,2840,SIDM00090,original
1246,0.3730180889639436,1.8352985435215124e-151,4589,SIDM00718,vae_imputed
929,0.3741201213150953,1.9632659573166072e-151,4559,SIDM00247,mean
1162,0.3728894137514574,6.282750947788083e-151,4576,SIDM00105,mofa_imputed
815,0.4391394152029817,1.1426783508615563e-150,3193,SIDM00778,original
1190,0.4262070627368354,2.3410910842915458e-150,3405,SIDM00879,original
1039,0.37202850173543206,3.457127686384586e-150,4576,SIDM00082,mean
497,0.37285756361031086,3.4811565671526086e-150,4554,SIDM00926,mofa_imputed
136,0.3714817732077873,6.517569054233502e-150,4582,SIDM00088,vae_imputed
1415,0.4585505236224783,1.3718004258063887e-149,2877,SIDM00581,original
1005,0.43715922152347597,1.5098967270568497e-149,3201,SIDM01078,original
267,0.3713985931785536,1.8741627964399268e-149,4570,SIDM00715,mofa_imputed
1192,0.3705409313275841,2.144190696892598e-149,4591,SIDM00879,mofa_imputed
395,0.44518604704668835,3.1520305359453093e-149,3067,SIDM00477,original
302,0.37100384114823515,3.5157332051810426e-149,4572,SIDM00756,mofa_imputed
180,0.440966375384344,7.4464661689453956e-149,3125,SIDM00339,original
415,0.4297963272749561,8.682621719858674e-149,3307,SIDM00321,original
164,0.37010580260737214,9.823946048275117e-149,4582,SIDM00080,mean
480,0.4125862029325217,3.2531337096749614e-148,3605,SIDM00654,original
384,0.3694808237589904,5.212655473772422e-148,4576,SIDM00139,mean
705,0.45052668504415105,6.902727263804605e-148,2959,SIDM00360,original
320,0.43079686677911183,7.511296476573917e-148,3269,SIDM00237,original
352,0.36998962209178443,1.754056346467636e-147,4546,SIDM00392,mofa_imputed
854,0.36852304077887954,1.7588410479070568e-147,4585,SIDM01020,mean
410,0.44271773181515117,4.0028452724359734e-147,3061,SIDM00429,original
1191,0.3675645566310165,7.397831608276672e-147,4591,SIDM00879,vae_imputed
1324,0.36980226867337157,8.838304958537756e-147,4529,SIDM00125,mean
1164,0.3677828155016965,1.4387923972133928e-146,4576,SIDM00105,mean
505,0.44525271920674253,1.722865056135941e-146,3009,SIDM00618,original
990,0.4359524253558412,2.1408760980846315e-146,3152,SIDM00290,original
1220,0.42268980812156326,2.461142597271179e-146,3374,SIDM00615,original
407,0.3670183980413057,4.764212355059824e-146,4580,SIDM00921,mofa_imputed
460,0.4782878742777604,4.84782047226037e-146,2552,SIDM01108,original
137,0.3664186031404243,1.3220762873548918e-145,4582,SIDM00088,mofa_imputed
589,0.369146277886986,1.9744854202856044e-145,4504,SIDM00487,mean
1048,0.36602250325312496,2.2967093293102627e-145,4585,SIDM00146,move_diabetes_imputed
555,0.42920920770065996,5.601933396827409e-145,3231,SIDM00614,original
145,0.44093529639820267,8.679983054618248e-145,3039,SIDM01005,original
599,0.36527589327863175,9.754744263440662e-145,4585,SIDM01010,mean
1424,0.3659635189071785,1.6742786684884422e-144,4559,SIDM00885,mean
1303,0.36585684869402546,1.9137756145347296e-144,4560,SIDM00933,move_diabetes_imputed
833,0.36489874148238066,2.3335765424648645e-144,4583,SIDM00369,move_diabetes_imputed
1283,0.3655003335772842,2.4723114434888783e-144,4566,SIDM00937,move_diabetes_imputed
974,0.36650185830993753,5.171967626816659e-144,4529,SIDM00703,mean
923,0.3641889285552572,7.40840358672025e-144,4586,SIDM00493,move_diabetes_imputed
478,0.36560059925919486,8.57465168110926e-144,4546,SIDM00144,move_diabetes_imputed
1382,0.36409017158575147,1.373870657635275e-143,4580,SIDM00860,mofa_imputed
1160,0.42943041436589746,1.5162887287982467e-143,3195,SIDM00105,original
595,0.4355526843478498,1.7091369660252905e-143,3095,SIDM01010,original
894,0.3647075578189909,1.876221515069166e-143,4559,SIDM01150,mean
775,0.4359371735480439,2.3288712919226215e-143,3086,SIDM00680,original
1362,0.36414267868562744,2.531848972045023e-143,4570,SIDM00973,mofa_imputed
1273,0.36407249999167846,2.6979678071659854e-143,4571,SIDM00210,move_diabetes_imputed
899,0.36348046045338445,5.487506489486395e-143,4577,SIDM01008,mean
414,0.36320871848670183,1.0647577433447466e-142,4575,SIDM00429,mean
495,0.41997318251679017,1.1960084737549698e-142,3335,SIDM00926,original
18,0.3641132607753078,1.4803010704539383e-142,4546,SIDM01026,move_diabetes_imputed
1381,0.36277033047213164,1.731138525064383e-142,4580,SIDM00860,vae_imputed
266,0.3627545646633652,3.616565382733129e-142,4570,SIDM00715,vae_imputed
265,0.44676014909843936,4.0741759436322895e-142,2896,SIDM00715,original
135,0.4261792123218264,1.570884482800729e-141,3203,SIDM00088,original
647,0.3618921851391263,4.061593996508404e-141,4559,SIDM00728,mofa_imputed
1315,0.4183946764640143,1.452393581888475e-140,3313,SIDM00533,original
399,0.3623144933526426,1.5067927653714358e-140,4529,SIDM00477,mean
211,0.360514898315794,5.528770470802723e-140,4559,SIDM01040,vae_imputed
462,0.36214278276936496,5.992872962427286e-140,4514,SIDM01108,mofa_imputed
559,0.359779707091573,6.80929071792809e-140,4576,SIDM00614,mean
615,0.4579485622329538,1.2431548945055473e-139,2691,SIDM00685,original
889,0.35868262275459645,2.2076356307372144e-139,4589,SIDM00676,mean
64,0.3603614949800863,5.570865204655584e-139,4530,SIDM01028,mean
1170,0.40668442369587654,6.637709669335008e-139,3484,SIDM01105,original
861,0.3588270403657471,1.332369289318629e-138,4559,SIDM00755,vae_imputed
862,0.3583217296684497,3.44140707552392e-138,4559,SIDM00755,mofa_imputed
496,0.35844966529751376,3.819615601661453e-138,4554,SIDM00926,vae_imputed
1095,0.42687089235793574,4.2816641552450494e-138,3113,SIDM00594,original
1361,0.35778887521292624,4.3932145530645273e-138,4570,SIDM00973,vae_imputed
1214,0.35716105762946554,5.114481828276546e-138,4585,SIDM00957,mean
324,0.3572056504444727,8.70172084228084e-138,4576,SIDM00237,mean
564,0.35698469244501174,8.742261810006789e-138,4582,SIDM01030,mean
1167,0.35788221677302084,1.1056594198998257e-137,4554,SIDM00348,mofa_imputed
1339,0.3564105461428696,1.9537589449453248e-137,4586,SIDM00512,mean
1305,0.4074130555685569,3.4181564273216524e-137,3427,SIDM00795,original
420,0.4251016987215975,3.7492669886316284e-137,3120,SIDM00547,original
212,0.3560748473743327,2.2915950291553093e-136,4559,SIDM01040,mofa_imputed
294,0.355824871472905,3.4091246986578917e-136,4560,SIDM00628,mean
838,0.3542324489023337,1.1399653623396178e-135,4586,SIDM00334,move_diabetes_imputed
786,0.3567899453073589,1.3004605063536135e-135,4514,SIDM00449,vae_imputed
913,0.35505654105751827,1.4202023634211752e-135,4560,SIDM01002,move_diabetes_imputed
7,0.35391181469046173,1.4796544441928368e-135,4591,SIDM00716,mofa_imputed
273,0.3540655092528679,1.9014006381973648e-135,4583,SIDM00742,move_diabetes_imputed
944,0.3564569600176878,2.4049360363015727e-135,4514,SIDM01139,mean
724,0.3538488384999543,5.940439601680494e-135,4572,SIDM00149,mean
1076,0.3526727687388628,2.0557033342753937e-134,4586,SIDM01000,vae_imputed
351,0.35396116300931124,2.757271428638183e-134,4546,SIDM00392,vae_imputed
1143,0.3522358404543907,4.608526835517758e-134,4586,SIDM00941,move_diabetes_imputed
1124,0.3525753144195687,2.0659190654913545e-133,4554,SIDM00588,mean
787,0.3540163474690933,2.129814230002111e-133,4514,SIDM00449,mofa_imputed
1015,0.4393932566146458,2.557666764445608e-133,2817,SIDM01130,original
1175,0.3836962357365399,5.056415158464802e-133,3785,SIDM00640,original
1009,0.35031915142563397,9.271799366068936e-133,4594,SIDM01078,mean
200,0.4250246213712196,2.0339354337712447e-132,3012,SIDM01085,original
49,0.35185908284907463,3.7607224535518706e-132,4530,SIDM00887,mean
1265,0.39139444559765213,5.788966710823297e-132,3596,SIDM01101,original
1399,0.3500932923483957,1.388778211381304e-131,4559,SIDM00122,mean
1186,0.34899781619156905,1.5418164071481982e-131,4588,SIDM00833,vae_imputed
1069,0.3490037191482831,2.566636876317611e-131,4580,SIDM00090,mean
902,0.35165883027495,3.020825461721108e-131,4504,SIDM01194,mofa_imputed
160,0.42260757489978634,6.52710739793502e-131,3015,SIDM00080,original
1077,0.3478980247965265,1.3009110045709688e-130,4586,SIDM01000,mofa_imputed
1348,0.34736390599154526,2.4861247143591194e-130,4591,SIDM00903,move_diabetes_imputed
6,0.347238091792724,3.1239799619606868e-130,4591,SIDM00716,vae_imputed
819,0.3480766301567793,5.391660477610383e-130,4559,SIDM00778,mean
11,0.34701998304436926,5.6269912743461175e-130,4588,SIDM01125,vae_imputed
1133,0.3471185545498507,5.7077585226352985e-130,4585,SIDM00368,move_diabetes_imputed
758,0.3496384498790243,6.002508172397543e-130,4514,SIDM00373,move_diabetes_imputed
1314,0.34654127855049816,1.2556528484977616e-129,4589,SIDM00541,mean
330,0.4269136964139657,1.3650940082276242e-129,2918,SIDM00965,original
1359,0.3467813067203399,2.1291682192325796e-129,4574,SIDM00609,mean
348,0.34885705267657086,3.854225534113004e-129,4507,SIDM00531,move_diabetes_imputed
36,0.34586641391446676,1.0387633596126275e-128,4575,SIDM00608,vae_imputed
1428,0.34619880286894766,1.4898760986161255e-128,4560,SIDM01087,move_diabetes_imputed
901,0.34816942869935524,1.6025285275533664e-128,4504,SIDM01194,vae_imputed
672,0.34527357751000276,1.8130527928399885e-128,4583,SIDM00872,mofa_imputed
215,0.4188374127151129,2.413005913547411e-128,3014,SIDM00689,original
194,0.3443028663722022,2.421326038007431e-128,4606,SIDM00789,mean
405,0.39364445494680633,3.552821797356668e-128,3448,SIDM00921,original
37,0.3449467177876063,5.42045197570993e-128,4575,SIDM00608,mofa_imputed
617,0.34487500060571885,9.609384108939853e-128,4568,SIDM00685,mofa_imputed
12,0.34366725294913086,2.359398738352346e-127,4588,SIDM01125,mofa_imputed
419,0.3436043760381874,3.61675912945015e-127,4583,SIDM00321,mean
961,0.34309518026055236,8.433996248913498e-127,4584,SIDM00494,vae_imputed
779,0.3427929675993421,1.3581678893918103e-126,4585,SIDM00680,mean
83,0.3453810520713366,2.276494847325755e-126,4504,SIDM00950,move_diabetes_imputed
869,0.34280891185013074,2.319289056551603e-126,4576,SIDM01163,mean
367,0.34217388970113055,3.392790048582041e-126,4588,SIDM00087,mofa_imputed
300,0.38795992464315465,5.523127057610651e-126,3497,SIDM00756,original
791,0.3442183450392311,1.465637789801739e-125,4507,SIDM01182,vae_imputed
365,0.4201274233368941,2.3244861803790564e-125,2923,SIDM00087,original
655,0.4318064150597047,2.8463666418131725e-125,2749,SIDM00092,original
1187,0.34085158775696783,3.551301041304721e-125,4588,SIDM00833,mofa_imputed
1244,0.3399781722233231,5.697337363101838e-124,4568,SIDM00371,mean
806,0.3390842364354099,4.463501372252393e-123,4560,SIDM01079,vae_imputed
959,0.339607437096725,3.0066027585760006e-122,4514,SIDM01055,mean
1165,0.4043407945395702,4.463536687075715e-122,3095,SIDM00348,original
430,0.4806088243370451,4.738882293434042e-122,2104,SIDM00485,original
314,0.33686042058114274,5.697980743627222e-122,4582,SIDM00798,mean
374,0.3367220004923873,6.428836272538042e-122,4584,SIDM00136,mean
139,0.33670555189536666,7.463394376838119e-122,4582,SIDM00088,mean
809,0.33727935293320316,1.0381696986680445e-121,4560,SIDM01079,mean
499,0.3361702938496578,1.0186042950284007e-120,4554,SIDM00926,mean
842,0.33503074862594273,1.8439223810739012e-120,4577,SIDM01072,mofa_imputed
784,0.3364421035745606,2.865683983541286e-120,4529,SIDM01067,mean
1233,0.33690027381287385,3.030587626800877e-120,4515,SIDM00616,move_diabetes_imputed
1201,0.3345526134367505,1.157575283703937e-119,4560,SIDM01066,vae_imputed
464,0.33583815349159696,1.9883365664500878e-119,4514,SIDM01108,mean
124,0.3331734804681736,2.664340982768081e-119,4586,SIDM00349,mean
619,0.3334420455545873,4.8562982045561766e-119,4568,SIDM00685,mean
1245,0.39513156538585437,9.929707530532628e-119,3164,SIDM00718,original
1028,0.33248150583979097,1.244557561852717e-118,4580,SIDM00301,move_diabetes_imputed
650,0.3966736718820775,2.0165211253839153e-118,3129,SIDM00748,original
155,0.4287804147129853,2.279527931283243e-118,2636,SIDM00687,original
699,0.33452360277553594,2.841768564978112e-118,4507,SIDM01062,mean
962,0.3316166746408726,4.329701901663342e-118,4584,SIDM00494,mofa_imputed
1419,0.3318378245783704,4.733464137843433e-118,4576,SIDM00581,mean
604,0.33128099247412146,5.1120009299234125e-118,4591,SIDM00749,mean
67,0.3322718971662178,6.10210996656656e-118,4559,SIDM00850,mofa_imputed
1022,0.3317323837445249,1.1422752467457031e-117,4564,SIDM00925,mofa_imputed
184,0.331483328049777,1.5534396408424543e-117,4566,SIDM00339,mean
424,0.3308493649447277,1.458632215561073e-116,4546,SIDM00547,mean
954,0.32974611326660475,2.3525100747477084e-116,4570,SIDM00702,mean
1,0.32945954771563857,4.8096727225094865e-116,4566,SIDM00942,vae_imputed
997,0.3290930524545196,1.3349172340574526e-115,4559,SIDM00138,mofa_imputed
439,0.32859204923622076,3.102437552193245e-115,4559,SIDM00866,mean
639,0.32842308136369297,4.121620033488416e-115,4559,SIDM00729,mean
295,0.3837779021485438,4.283087793765974e-115,3266,SIDM01110,original
1281,0.32799192243134306,5.703844446521003e-115,4566,SIDM00937,vae_imputed
646,0.32793567743808993,9.342989343956997e-115,4559,SIDM00728,vae_imputed
807,0.3273716283108389,2.2715141705325068e-114,4560,SIDM01079,mofa_imputed
1021,0.3269055177418529,3.949937085397041e-114,4564,SIDM00925,vae_imputed
347,0.32848604262889003,7.259026304197764e-114,4507,SIDM00531,mofa_imputed
1282,0.32637637136694336,8.543223105643477e-114,4566,SIDM00937,mofa_imputed
369,0.3254038404497702,1.2590452133574941e-113,4588,SIDM00087,mean
1216,0.3239033634761929,1.1012275238551454e-112,4594,SIDM00419,vae_imputed
1440,0.4276604605145839,1.2145540712287348e-112,2521,SIDM00582,original
1389,0.32489234874396566,1.4961036335389046e-112,4559,SIDM00831,mean
453,0.32369174831277636,1.5660792524199078e-112,4594,SIDM00847,move_diabetes_imputed
334,0.32575405960924997,1.824507951963429e-112,4530,SIDM00965,mean
2,0.324196833561143,3.206887292034288e-112,4566,SIDM00942,mofa_imputed
994,0.32214898943458226,2.6623836814673963e-111,4589,SIDM00290,mean
1020,0.3727346570042367,4.5500622242978304e-111,3355,SIDM00925,original
792,0.32425651823261514,7.748427725054452e-111,4507,SIDM01182,mofa_imputed
1138,0.3213475317913228,1.463434206871585e-110,4582,SIDM00402,move_diabetes_imputed
1059,0.3236277633344504,1.4681430083183e-110,4514,SIDM01199,mean
960,0.3870376064049468,1.4938254550221773e-110,3078,SIDM00494,original
65,0.4097973095332161,1.6825056719956538e-110,2716,SIDM00850,original
66,0.3217031018862054,2.870762964852128e-110,4559,SIDM00850,vae_imputed
1452,0.32147510200155627,4.1701622371932136e-110,4559,SIDM01146,mofa_imputed
594,0.32084240105074735,4.65131122367084e-110,4576,SIDM00486,mean
210,0.3874202429462862,7.261709276170135e-110,3052,SIDM01040,original
1019,0.32199893703713933,9.15994606683651e-110,4529,SIDM01130,mean
1169,0.32063500371021675,2.1599562356376804e-109,4554,SIDM00348,mean
669,0.3217195692605559,4.813918616014041e-109,4507,SIDM00333,mean
10,0.35940359798847843,5.503602009462337e-109,3559,SIDM01125,original
288,0.319588244296656,1.0082856710152879e-108,4557,SIDM00797,move_diabetes_imputed
1444,0.31798971987590186,2.8522680915675772e-108,4586,SIDM00582,mean
1102,0.3197440364575387,3.366975751041549e-108,4530,SIDM00552,mofa_imputed
873,0.3183409617781665,3.409364791175095e-108,4572,SIDM00740,move_diabetes_imputed
1046,0.31774702706713154,4.461904639040476e-108,4585,SIDM00146,vae_imputed
1269,0.3194005691637811,5.86276298892531e-108,4530,SIDM01101,mean
649,0.3183770844020441,6.4498139868894536e-108,4559,SIDM00728,mean
128,0.317997476197621,6.62016695972676e-108,4570,SIDM00645,move_diabetes_imputed
1451,0.3183585814665285,6.645773000710523e-108,4559,SIDM01146,vae_imputed
477,0.3180691040225718,2.125644579656692e-107,4546,SIDM00144,mofa_imputed
170,0.36772712409317576,1.226152721752956e-106,3314,SIDM00120,original
344,0.31504536544221606,2.1833771296581496e-106,4594,SIDM00791,mean
1217,0.3143045615800689,7.180112926987645e-106,4594,SIDM00419,mofa_imputed
911,0.31540649737344995,7.274293024471448e-106,4560,SIDM01002,vae_imputed
1319,0.3150662672514942,9.151580551074914e-106,4566,SIDM00533,mean
679,0.3144279792857019,2.81624753509316e-105,4564,SIDM00812,mean
299,0.3139977000684135,3.3235112896519092e-105,4574,SIDM01110,mean
841,0.3126626320379853,2.3840412916851954e-104,4577,SIDM01072,vae_imputed
860,0.3822250938505375,3.300396470818075e-104,2978,SIDM00755,original
546,0.3121270519604997,7.59049153386383e-104,4571,SIDM00771,vae_imputed
1194,0.31140698441005366,8.52599418523363e-104,4591,SIDM00879,mean
171,0.3118162849743348,9.125765092139828e-104,4577,SIDM00120,vae_imputed
1099,0.3111403662394663,2.0590883903626363e-103,4582,SIDM00594,mean
1202,0.31174655053297207,2.434644746496009e-103,4560,SIDM01066,mofa_imputed
1141,0.3105811451442873,4.0637429673536605e-103,4586,SIDM00941,vae_imputed
1101,0.3114815359515709,1.7144245945699733e-102,4530,SIDM00552,vae_imputed
346,0.31207156611132714,2.2153512123755396e-102,4507,SIDM00531,vae_imputed
914,0.31022562945549637,2.661195665773306e-102,4560,SIDM01002,mean
131,0.3091138132908529,6.772824797623368e-102,4576,SIDM01156,vae_imputed
388,0.30846601536882,2.397257409114793e-101,4571,SIDM00711,move_diabetes_imputed
1047,0.3078543898084424,3.093485937669494e-101,4585,SIDM00146,mofa_imputed
772,0.3075455264387632,5.2655915245741707e-101,4584,SIDM00534,mofa_imputed
1450,0.36086814352287155,5.740558340561706e-101,3264,SIDM01146,original
912,0.3079413497093622,9.407975481333931e-101,4560,SIDM01002,mofa_imputed
476,0.30835776891981265,9.923399188616913e-101,4546,SIDM00144,vae_imputed
350,0.3659720141413496,2.616912864868607e-100,3146,SIDM00392,original
645,0.3663444533105355,9.01592410672942e-100,3122,SIDM00728,original
5,0.3559798374655875,6.556222661459553e-99,3291,SIDM00716,original
1075,0.34879749307032504,8.242172799390883e-99,3434,SIDM01000,original
1360,0.36468393267920995,1.5336492063601934e-98,3113,SIDM00973,original
910,0.4210638434219445,3.0607933837134716e-98,2270,SIDM01002,original
805,0.36480103115432183,4.13340419667128e-98,3097,SIDM01079,original
1380,0.3588739606828748,4.361076643675142e-98,3207,SIDM00860,original
1185,0.3470424185358749,1.2398016299501564e-97,3429,SIDM00833,original
354,0.30332447207404034,2.265515591699421e-97,4546,SIDM00392,mean
172,0.30231427130437627,2.3691832905630096e-97,4577,SIDM00120,mofa_imputed
921,0.3018688608607888,3.0358104357237e-97,4586,SIDM00493,vae_imputed
219,0.30356376001506014,3.417081879154668e-97,4530,SIDM00689,mean
1301,0.3005099916727312,8.239410945571745e-96,4560,SIDM00933,vae_imputed
547,0.30015319733292445,8.385377635786298e-96,4571,SIDM00771,mofa_imputed
709,0.30002370609417217,1.1749986774547232e-95,4568,SIDM00360,mean
840,0.3577338226032835,3.1534970126706345e-95,3133,SIDM01072,original
1309,0.2996650563746383,3.389504915146149e-95,4557,SIDM00795,mean
623,0.29876274260739455,3.881030128934626e-95,4583,SIDM00148,move_diabetes_imputed
132,0.2984877909683659,8.144536862844158e-95,4576,SIDM01156,mofa_imputed
830,0.35199991401999087,9.853812146462499e-95,3226,SIDM00369,original
231,0.2979552066583336,3.998892983207585e-94,4559,SIDM00743,vae_imputed
1024,0.29759995715167376,5.385917253660622e-94,4564,SIDM00925,mean
1189,0.29672219948872375,6.575414637289843e-94,4588,SIDM00833,mean
834,0.2967575221167664,7.857892798799173e-94,4583,SIDM00369,mean
771,0.29646003450874703,1.1700353150755513e-93,4584,SIDM00534,vae_imputed
983,0.29596377075360836,3.541629823090417e-93,4576,SIDM01191,move_diabetes_imputed
1142,0.2947366434816506,1.386610021294348e-92,4586,SIDM00941,mofa_imputed
1344,0.2949312118136108,1.566268982946584e-92,4577,SIDM00856,mean
509,0.2947883176999496,2.0255861911545e-92,4576,SIDM00618,mean
274,0.2933630785912973,1.2103887640705135e-91,4583,SIDM00742,mean
159,0.29345452995474786,2.4934980815351527e-91,4564,SIDM00687,mean
831,0.2914150164618742,2.113227026691962e-90,4583,SIDM00369,vae_imputed
1136,0.2913925399082232,2.283150940477974e-90,4582,SIDM00402,vae_imputed
233,0.29202420016594444,2.530857228597828e-90,4559,SIDM00743,move_diabetes_imputed
964,0.29073749688352013,5.4374588927099905e-90,4584,SIDM00494,mean
1148,0.290869430864874,6.3935631967867725e-90,4576,SIDM00306,move_diabetes_imputed
484,0.2912890928910981,7.381058149461945e-90,4559,SIDM00654,mean
1279,0.2906089219251482,9.342804720099049e-90,4576,SIDM00277,mean
545,0.33742718784784415,2.4515823951427416e-89,3325,SIDM00771,original
0,0.33062847453360533,3.83896482472152e-89,3464,SIDM00942,original
1302,0.2900790794024665,4.084473126355609e-89,4560,SIDM00933,mofa_imputed
1100,0.34074680569088933,6.812790404606369e-89,3240,SIDM00552,original
1204,0.2897193267559421,6.871662410888924e-89,4560,SIDM01066,mean
1384,0.28896135851771443,8.558002792850871e-89,4580,SIDM00860,mean
1378,0.2888017794687676,1.2836499363571906e-88,4576,SIDM00545,move_diabetes_imputed
232,0.2891902067999629,1.5408592717973414e-88,4559,SIDM00743,mofa_imputed
174,0.28809708243764776,3.3968174595231934e-88,4577,SIDM00120,mean
790,0.3291871247990158,4.875186672595471e-88,3452,SIDM01182,original
1092,0.28701152123145507,1.1458266184404471e-87,4585,SIDM00437,mofa_imputed
1426,0.2876903473831973,1.2737654795956133e-87,4560,SIDM01087,vae_imputed
149,0.28685919235683394,2.0123425984764924e-87,4577,SIDM01005,mean
401,0.28636772037750735,2.8863701169193923e-87,4585,SIDM00759,vae_imputed
1427,0.2856587577962409,2.3134577172497868e-86,4560,SIDM01087,mofa_imputed
35,0.335811543230071,2.4352816612670784e-86,3244,SIDM00608,original
1346,0.28466532952900064,2.5459541911116213e-86,4591,SIDM00903,vae_imputed
1137,0.28436869212742727,5.682493317167566e-86,4582,SIDM00402,mofa_imputed
409,0.2841430612235558,8.517721603899484e-86,4580,SIDM00921,mean
402,0.2830822212972741,3.101149251986402e-85,4585,SIDM00759,mofa_imputed
1135,0.32689444505862775,4.001322142253008e-85,3385,SIDM00402,original
1280,0.3528634377600764,4.634997450161094e-85,2875,SIDM00937,original
1153,0.28239203274473046,6.399861833063699e-85,4591,SIDM01193,move_diabetes_imputed
1104,0.2838065454472616,1.1262157325571646e-84,4530,SIDM00552,mean
269,0.2824775248585192,1.3612617604381281e-84,4570,SIDM00715,mean
475,0.3307181000078938,3.3649060677776387e-84,3266,SIDM00144,original
1179,0.28364983351277767,4.185633232013118e-84,4504,SIDM00640,mean
270,0.32660141750891847,1.3656159148297144e-83,3329,SIDM00742,original
1200,0.31874219691146377,7.135401117377728e-83,3474,SIDM01066,original
785,0.32808559369756407,2.641581261945227e-81,3205,SIDM00449,original
1139,0.2759086171263796,7.6424103879482935e-81,4582,SIDM00402,mean
156,0.2763977418157691,8.000036070473072e-81,4564,SIDM00687,vae_imputed
900,0.32856370112090283,1.2498007070510208e-80,3168,SIDM01194,original
81,0.2777542256317399,1.3908932474927143e-80,4504,SIDM00950,vae_imputed
1093,0.2752169257623307,1.750414297674438e-80,4585,SIDM00437,move_diabetes_imputed
1254,0.27493999318658713,2.0179910561720497e-80,4591,SIDM01188,mean
1431,0.27520984332251786,2.424102976671646e-80,4577,SIDM00602,vae_imputed
271,0.27497195799954904,2.6477409525127197e-80,4583,SIDM00742,vae_imputed
1045,0.3086983210997011,2.997839318882518e-80,3596,SIDM00146,original
9,0.2746272232321739,3.095170756966691e-80,4591,SIDM00716,mean
230,0.3216954889616749,4.105086250527973e-80,3291,SIDM00743,original
272,0.2745723995536363,4.568395233506759e-80,4583,SIDM00742,mofa_imputed
922,0.27410742201406135,7.654406860942347e-80,4586,SIDM00493,mofa_imputed
14,0.27390485349419,9.326882230943187e-80,4588,SIDM01125,mean
1347,0.2726729016658243,4.424765651733428e-79,4591,SIDM00903,mofa_imputed
1364,0.27257105039351553,1.145147840426909e-78,4570,SIDM00973,mean
228,0.272294913843102,1.7949748768503154e-78,4568,SIDM00997,move_diabetes_imputed
479,0.27277548424893644,2.2037461546007705e-78,4546,SIDM00144,mean
832,0.271441616143705,3.17796446912467e-78,4583,SIDM00369,mofa_imputed
74,0.270916284323665,6.691209027316017e-78,4582,SIDM00132,mean
774,0.2702224313875694,1.5721820860650238e-77,4584,SIDM00534,mean
204,0.27055711646647396,2.506064075464467e-77,4560,SIDM01085,mean
1249,0.2696161957958796,2.9275664211491632e-77,4589,SIDM00718,mean
129,0.27011121875946353,3.105628538053261e-77,4570,SIDM00645,mean
756,0.27139607843619207,4.768670397237238e-77,4514,SIDM00373,vae_imputed
214,0.26978892970889,7.242053734198315e-77,4559,SIDM01040,mean
770,0.3218523282543053,7.769687417971408e-77,3150,SIDM00534,original
157,0.26942550529083875,9.716284274103293e-77,4564,SIDM00687,mofa_imputed
1026,0.26896105205046644,9.855159735982942e-77,4580,SIDM00301,vae_imputed
1404,0.2699741334189449,3.006355032751542e-76,4515,SIDM00498,mean
864,0.2673641464269298,1.789841148866682e-75,4559,SIDM00755,mean
82,0.26793757250122097,6.562403477756211e-75,4504,SIDM00950,mofa_imputed
4,0.26408919202520775,1.0024198341991556e-73,4566,SIDM00942,mean
1300,0.2912387469953239,1.6865740470649533e-73,3713,SIDM00933,original
1027,0.2631962331611062,1.9279748830493585e-73,4580,SIDM00301,mofa_imputed
1432,0.2631915675079791,2.1609164870298088e-73,4577,SIDM00602,mofa_imputed
621,0.2626940644929809,3.32070242686622e-73,4583,SIDM00148,vae_imputed
622,0.261693991303373,1.2107668524411866e-72,4583,SIDM00148,mofa_imputed
844,0.2613660891478332,2.2867147284635467e-72,4577,SIDM01072,mean
1131,0.2603456494737748,6.398835900476872e-72,4585,SIDM00368,vae_imputed
549,0.26014803232589145,1.3487270746239437e-71,4571,SIDM00771,mean
769,0.25939699675316547,1.749271385582824e-71,4591,SIDM01031,mean
753,0.25942551612281345,2.309880778753042e-71,4582,SIDM00084,move_diabetes_imputed
659,0.2597756266640741,2.4111492685045065e-71,4568,SIDM00092,mean
908,0.2592313342680421,4.499199136510232e-71,4570,SIDM00874,move_diabetes_imputed
69,0.2591645093476382,7.1891972771363785e-71,4559,SIDM00850,mean
400,0.30089553401645963,3.104290389901514e-70,3310,SIDM00759,original
451,0.25678973661696064,4.359698929031729e-70,4594,SIDM00847,vae_imputed
1128,0.2575078601357784,5.848010880129286e-70,4559,SIDM00826,move_diabetes_imputed
1409,0.2572141406717942,8.466712516807756e-70,4559,SIDM00560,mean
759,0.2579377274838641,1.6081872085622957e-69,4514,SIDM00373,mean
304,0.2562240863591847,1.8861606376943108e-69,4572,SIDM00756,mean
125,0.3004068527918097,1.9098473730474948e-69,3283,SIDM00645,original
789,0.25756807947689886,2.5523617570635026e-69,4514,SIDM00449,mean
16,0.25632206111985256,4.0456887340679404e-69,4546,SIDM01026,vae_imputed
1454,0.25581026388604294,4.931315690361103e-69,4559,SIDM01146,mean
126,0.25490352480586176,1.0561009376913036e-68,4570,SIDM00645,vae_imputed
836,0.25420150716187984,1.4829637114127623e-68,4586,SIDM00334,vae_imputed
1271,0.2544289691691039,1.846345978738119e-68,4571,SIDM00210,vae_imputed
1130,0.29719756065617164,2.4159891797630684e-68,3303,SIDM00368,original
17,0.2548510567498965,2.5309337846867946e-68,4546,SIDM01026,mofa_imputed
127,0.2533428156289972,7.370509892777621e-68,4570,SIDM00645,mofa_imputed
1284,0.25339199842647664,7.921845296064637e-68,4566,SIDM00937,mean
757,0.2546266866981539,9.808266444284149e-68,4514,SIDM00373,mofa_imputed
44,0.25254320477193204,9.908838892119313e-68,4591,SIDM00194,mean
1132,0.25196972041032073,2.458409701917242e-67,4585,SIDM00368,mofa_imputed
755,0.31726474932004517,5.3940396692289794e-67,2821,SIDM00373,original
1272,0.251276409103106,9.151164314798764e-67,4571,SIDM00210,mofa_imputed
39,0.2510620987876182,1.0449793181073808e-66,4575,SIDM00608,mean
1004,0.25041363063120353,1.620326965250704e-66,4586,SIDM01033,mean
130,0.2866620855666925,4.0091635085361714e-66,3443,SIDM01156,original
1151,0.2485791386728188,1.303056972523316e-65,4591,SIDM01193,vae_imputed
1429,0.2492555680528643,1.5463148507671884e-65,4560,SIDM01087,mean
654,0.2480828730198228,4.512176711818747e-65,4571,SIDM00748,mean
226,0.2479489863836675,5.838529699884947e-65,4568,SIDM00997,vae_imputed
1079,0.24687388612707423,1.2116932962084256e-64,4586,SIDM01000,mean
234,0.2475570699791277,1.2478003246452235e-64,4559,SIDM00743,mean
794,0.2464025183246011,2.5638423246381593e-63,4507,SIDM01182,mean
452,0.2441124718363908,2.61380369698144e-63,4594,SIDM00847,mofa_imputed
1140,0.298851542532657,8.397619997953439e-63,2993,SIDM00941,original
688,0.24369433827257692,1.8821899106655257e-62,4546,SIDM01165,move_diabetes_imputed
1129,0.24302143667495624,2.7983289544558754e-62,4559,SIDM00826,mean
1094,0.24196995861791856,4.396030686323328e-62,4585,SIDM00437,mean
1215,0.29864432034579824,8.896874646878306e-62,2947,SIDM00419,original
920,0.3078307993683671,5.7998891812867586e-61,2728,SIDM00493,original
686,0.2387439367716197,6.104619249654958e-60,4546,SIDM01165,vae_imputed
1304,0.23758041548233352,1.5495613660286385e-59,4560,SIDM00933,mean
454,0.23650815579357043,1.9891784509974034e-59,4594,SIDM00847,mean
1379,0.23616881345350582,4.9415744241414335e-59,4576,SIDM00545,mean
229,0.23626333304174962,5.583144399600624e-59,4568,SIDM00997,mean
1345,0.28144542452564913,7.513059304348106e-59,3173,SIDM00903,original
1224,0.23327191926715518,9.33846574685866e-57,4507,SIDM00615,mean
1425,0.2931568200912036,1.699346189122781e-56,2794,SIDM01087,original
1049,0.23078861129439635,1.7203353831749713e-56,4585,SIDM00146,mean
227,0.23047463116524394,3.896862378438734e-56,4568,SIDM00997,mofa_imputed
450,0.2708166490388306,1.127471038709904e-54,3186,SIDM00847,original
386,0.22615565430169673,4.241003327955924e-54,4571,SIDM00711,vae_imputed
1152,0.22553426405520918,4.9479774745223777e-54,4591,SIDM01193,mofa_imputed
1125,0.2875474720307517,6.446111108906585e-54,2772,SIDM00826,original
837,0.2250241695327517,9.847371901678053e-54,4586,SIDM00334,mofa_imputed
434,0.22453675169808915,2.4727827972864194e-53,4571,SIDM00485,mean
924,0.22215318699041092,2.2081942235374292e-52,4586,SIDM00493,mean
1430,0.2547239275066302,6.37332919527868e-52,3429,SIDM00602,original
1126,0.22033723268127942,3.031372657053167e-51,4559,SIDM00826,vae_imputed
909,0.2200571281221157,3.1002052964144004e-51,4570,SIDM00874,mean
1025,0.2479358929273724,7.111367031548632e-51,3550,SIDM00301,original
345,0.27950990350669036,2.34665056077466e-50,2740,SIDM00531,original
1154,0.21754248008455582,2.6344069193625374e-50,4591,SIDM01193,mean
225,0.2573649298013515,4.811248654532806e-50,3231,SIDM00997,original
1134,0.21680594493114463,6.60269744202216e-50,4585,SIDM00368,mean
1434,0.21685770152974576,7.589862668375451e-50,4577,SIDM00602,mean
385,0.25229031007501096,3.466195041258656e-49,3307,SIDM00711,original
687,0.21597709063938994,4.002005170877677e-49,4546,SIDM01165,mofa_imputed
1127,0.21549590864375717,4.8222364005692646e-49,4559,SIDM00826,mofa_imputed
404,0.2148461248593851,5.089199458323404e-49,4585,SIDM00759,mean
286,0.2149620564668928,8.778080657811095e-49,4557,SIDM00797,vae_imputed
80,0.2410246115541695,9.851187457944988e-49,3599,SIDM00950,original
387,0.21450459275604108,1.0096574635751247e-48,4571,SIDM00711,mofa_imputed
1144,0.21376177987204903,1.525489750291915e-48,4586,SIDM00941,mean
119,0.21384379808555987,2.3513045309212196e-48,4564,SIDM00554,mean
389,0.21329578402036573,3.501651043293394e-48,4571,SIDM00711,mean
1090,0.372661135611251,4.457165831983824e-48,1422,SIDM00437,original
287,0.2115067426059916,3.00147575400758e-47,4557,SIDM00797,mofa_imputed
1373,0.21094233936806703,4.960645667489114e-47,4560,SIDM00355,move_diabetes_imputed
1083,0.21068602760750854,5.116022048137097e-47,4570,SIDM00734,move_diabetes_imputed
1146,0.20986586512386374,1.0223661228152445e-46,4576,SIDM00306,vae_imputed
1150,0.2686789713216924,1.8612348575296333e-46,2736,SIDM01193,original
1231,0.20925391503262908,7.469330710485277e-46,4515,SIDM00616,vae_imputed
1149,0.20507222549417892,1.2134367909166803e-44,4576,SIDM00306,mean
982,0.204633040855497,1.8684673214929359e-44,4576,SIDM01191,mofa_imputed
1232,0.2045362745510669,7.615368660705946e-44,4515,SIDM00616,mofa_imputed
1349,0.20247139368842035,1.1242053971874775e-43,4591,SIDM00903,mean
1219,0.2019059700371589,1.8295607632279356e-43,4594,SIDM00419,mean
751,0.20133981533502054,4.066694845765194e-43,4582,SIDM00084,vae_imputed
981,0.200792631536439,7.804908974414818e-43,4576,SIDM01191,vae_imputed
624,0.2004248904226881,9.620489303362816e-43,4583,SIDM00148,mean
1270,0.241359443186413,2.1335912123092893e-42,3105,SIDM00210,original
835,0.2236123327843186,1.2212604812862062e-41,3565,SIDM00334,original
15,0.22594351340391833,1.2859065930174574e-41,3488,SIDM01026,original
905,0.24659830275452232,4.631302212224548e-41,2873,SIDM00874,original
906,0.1962418327814716,6.6358276037739e-41,4570,SIDM00874,vae_imputed
620,0.24632514297881228,1.7684159871213627e-40,2837,SIDM00148,original
904,0.19643833553102857,2.036892668729314e-40,4504,SIDM01194,mean
34,0.19488113647584532,2.1453908467573436e-40,4575,SIDM01141,mean
1145,0.23089065151810323,3.2529442524893714e-40,3219,SIDM00306,original
933,0.19281720719149426,1.1327495144609442e-39,4588,SIDM00475,move_diabetes_imputed
752,0.18992406224849237,1.7922909610546725e-38,4582,SIDM00084,mofa_imputed
978,0.18875312486789209,4.894064764478915e-38,4585,SIDM00678,move_diabetes_imputed
871,0.18828224272834604,9.471876583822502e-38,4572,SIDM00740,vae_imputed
872,0.1851751962414911,1.5019853693884495e-36,4572,SIDM00740,mofa_imputed
1375,0.2300264356077289,3.7339146699955725e-36,2902,SIDM00545,original
1147,0.18304950627238048,9.033068710340801e-36,4576,SIDM00306,mofa_imputed
1230,0.217123451615961,1.078891784472505e-35,3223,SIDM00616,original
134,0.18096336121371234,5.505991874794158e-35,4576,SIDM01156,mean
980,0.22501525273230705,8.64935760324884e-35,2916,SIDM01191,original
1084,0.17941204948395795,2.297943874233455e-34,4570,SIDM00734,mean
84,0.1790904032111692,8.9249270456146e-34,4504,SIDM00950,mean
1029,0.17629906075276303,2.7169209648810954e-33,4580,SIDM00301,mean
1371,0.17521969602143028,9.167978956496134e-33,4560,SIDM00355,vae_imputed
685,0.22904289412299317,1.4869435564965403e-32,2622,SIDM01165,original
1082,0.17398073387656138,2.186645133687254e-32,4570,SIDM00734,mofa_imputed
1080,0.19845548861229062,4.570896421894512e-32,3460,SIDM00734,original
1376,0.17167406306564378,1.3227072456191298e-31,4576,SIDM00545,vae_imputed
1081,0.17174751730256174,1.363813790189111e-31,4570,SIDM00734,vae_imputed
984,0.1701756556377264,4.459543551263372e-31,4576,SIDM01191,mean
1372,0.16831102991926544,2.511679838230069e-30,4560,SIDM00355,mofa_imputed
870,0.20596570323814997,2.9846453062615355e-30,3016,SIDM00740,original
1374,0.16574076880589766,1.9087169681234116e-29,4560,SIDM00355,mean
1234,0.1648044029496093,7.401201829833073e-29,4515,SIDM00616,mean
874,0.1637779140591604,7.455196187068378e-29,4572,SIDM00740,mean
285,0.18335961747317892,5.177765758124998e-28,3523,SIDM00797,original
907,0.16085496511943576,7.2236164696900485e-28,4570,SIDM00874,mofa_imputed
932,0.15624677810635754,1.8221168301902955e-26,4588,SIDM00475,mofa_imputed
931,0.15327877671255896,1.6071630369399757e-25,4588,SIDM00475,vae_imputed
976,0.15108591230379775,8.087206474514666e-25,4585,SIDM00678,vae_imputed
689,0.15091438395600226,1.438690550347339e-24,4546,SIDM01165,mean
1377,0.14903108389926747,3.853083794321173e-24,4576,SIDM00545,mofa_imputed
750,0.16960268355401115,1.0042117468112715e-23,3457,SIDM00084,original
1370,0.1791864464178673,1.0559977846084244e-23,3089,SIDM00355,original
930,0.16996401120779384,6.798149683747251e-21,3002,SIDM00475,original
975,0.17811247577945882,7.602163602124488e-21,2723,SIDM00678,original
19,0.1374385595580085,1.298752310570203e-20,4546,SIDM01026,mean
289,0.13619494148048764,2.5961557854359046e-20,4557,SIDM00797,mean
1274,0.13471017095291535,5.860627449283971e-20,4571,SIDM00210,mean
977,0.1321604251589905,2.565550503988358e-19,4585,SIDM00678,mofa_imputed
248,0.1273986792486094,5.880333501891342e-18,4559,SIDM00529,move_diabetes_imputed
754,0.1226969818853018,7.772211082672162e-17,4582,SIDM00084,mean
349,0.11966402780779342,7.610962291861638e-16,4507,SIDM00531,mean
934,0.11838499314059706,8.631584331066706e-16,4588,SIDM00475,mean
625,0.15995566140186596,3.696460285310204e-15,2389,SIDM00750,original
979,0.11131549714082234,4.064573342776889e-14,4585,SIDM00678,mean
1053,0.10968199163065903,1.006916997791378e-13,4576,SIDM00305,move_diabetes_imputed
247,0.10483164451081194,1.285228379618426e-12,4559,SIDM00529,mofa_imputed
629,0.10207641109884752,4.77237597832686e-12,4564,SIDM00750,mean
839,0.10141404568964849,5.834173551710389e-12,4586,SIDM00334,mean
628,0.10027582241060538,1.1241757871208076e-11,4564,SIDM00750,move_diabetes_imputed
246,0.09610780269152591,7.89902133134926e-11,4559,SIDM00529,vae_imputed
626,0.0947415677555995,1.4252593911161253e-10,4564,SIDM00750,vae_imputed
627,0.08986686446281758,1.1882909301812829e-09,4564,SIDM00750,mofa_imputed
1051,0.08860767618484879,1.9234632984494633e-09,4576,SIDM00305,vae_imputed
1052,0.07244503512716023,9.307827743810896e-07,4576,SIDM00305,mofa_imputed
207,0.07005425668324827,2.1947736005113865e-06,4559,SIDM00354,mofa_imputed
249,0.06027648648471828,4.651568408538985e-05,4559,SIDM00529,mean
245,0.07097430053865943,6.398192500320254e-05,3167,SIDM00529,original
543,0.054012296409330335,0.000263680048762443,4559,SIDM01122,move_diabetes_imputed
1054,0.05108438166541622,0.0005462772339223607,4576,SIDM00305,mean
1050,0.06098787928929368,0.0009210025790673221,2949,SIDM00305,original
630,-0.051943692877546854,0.0021945202238431816,3474,SIDM00848,original
633,0.045143418419316836,0.0022318811779443665,4585,SIDM00848,move_diabetes_imputed
632,-0.03357450239681761,0.022999748874860275,4585,SIDM00848,mofa_imputed
542,-0.03362517832303675,0.02318309446673782,4559,SIDM01122,mofa_imputed
205,0.03389046382844137,0.05319284868481644,3255,SIDM00354,original
208,0.02675427760399517,0.0708735850143882,4559,SIDM00354,move_diabetes_imputed
206,0.026601267138952115,0.07250205808389941,4559,SIDM00354,vae_imputed
209,0.023102600120229723,0.11883636182100928,4559,SIDM00354,mean
634,-0.02090252650073443,0.15702930433646234,4585,SIDM00848,mean
631,-0.015527125300252976,0.2931855012631304,4585,SIDM00848,vae_imputed
541,-0.010496675241788916,0.478594749527557,4559,SIDM01122,vae_imputed
544,0.009185022498811021,0.5352452075195375,4559,SIDM01122,mean
540,0.00578968190018713,0.7664215584796702,2635,SIDM01122,original
